Index,Name,Full_Name,Intensity,Space,Hemi,Region,ICN,R,A,S
1,LH_VisCent_Striate_1,LH_VisCent_Striate_1,1,MNI,L,cortex,VisCent,-4,-90,-12
2,LH_VisCent_Striate_2,LH_VisCent_Striate_2,2,MNI,L,cortex,VisCent,-10,-98,-12
3,LH_VisCent_Striate_3,LH_VisCent_Striate_3,3,MNI,L,cortex,VisCent,-8,-94,-2
4,LH_VisCent_Striate_4,LH_VisCent_Striate_4,4,MNI,L,cortex,VisCent,-6,-104,-2
5,LH_VisCent_ExStr_1,LH_VisCent_ExStr_1,5,MNI,L,cortex,VisCent,-34,-52,-18
6,LH_VisCent_ExStr_2,LH_VisCent_ExStr_2,6,MNI,L,cortex,VisCent,-28,-64,-12
7,LH_VisCent_ExStr_3,LH_VisCent_ExStr_3,7,MNI,L,cortex,VisCent,-34,-68,-16
8,LH_VisCent_ExStr_4,LH_VisCent_ExStr_4,8,MNI,L,cortex,VisCent,-36,-80,-14
9,LH_VisCent_ExStr_5,LH_VisCent_ExStr_5,9,MNI,L,cortex,VisCent,-26,-80,-14
10,LH_VisCent_ExStr_6,LH_VisCent_ExStr_6,10,MNI,L,cortex,VisCent,-22,-74,-8
11,LH_VisCent_ExStr_7,LH_VisCent_ExStr_7,11,MNI,L,cortex,VisCent,-44,-72,-10
12,LH_VisCent_ExStr_8,LH_VisCent_ExStr_8,12,MNI,L,cortex,VisCent,-20,-88,-16
13,LH_VisCent_ExStr_9,LH_VisCent_ExStr_9,13,MNI,L,cortex,VisCent,-42,-84,-14
14,LH_VisCent_ExStr_10,LH_VisCent_ExStr_10,14,MNI,L,cortex,VisCent,-12,-84,-14
15,LH_VisCent_ExStr_11,LH_VisCent_ExStr_11,15,MNI,L,cortex,VisCent,-30,-92,-18
16,LH_VisCent_ExStr_12,LH_VisCent_ExStr_12,16,MNI,L,cortex,VisCent,-34,-92,-10
17,LH_VisCent_ExStr_13,LH_VisCent_ExStr_13,17,MNI,L,cortex,VisCent,-20,-100,-12
18,LH_VisCent_ExStr_14,LH_VisCent_ExStr_14,18,MNI,L,cortex,VisCent,-46,-82,-2
19,LH_VisCent_ExStr_15,LH_VisCent_ExStr_15,19,MNI,L,cortex,VisCent,-30,-96,-2
20,LH_VisCent_ExStr_16,LH_VisCent_ExStr_16,20,MNI,L,cortex,VisCent,-36,-90,0
21,LH_VisCent_ExStr_17,LH_VisCent_ExStr_17,21,MNI,L,cortex,VisCent,-44,-70,6
22,LH_VisCent_ExStr_18,LH_VisCent_ExStr_18,22,MNI,L,cortex,VisCent,-48,-78,8
23,LH_VisCent_ExStr_19,LH_VisCent_ExStr_19,23,MNI,L,cortex,VisCent,-18,-102,2
24,LH_VisCent_ExStr_20,LH_VisCent_ExStr_20,24,MNI,L,cortex,VisCent,-44,-86,10
25,LH_VisCent_ExStr_21,LH_VisCent_ExStr_21,25,MNI,L,cortex,VisCent,-24,-96,8
26,LH_VisCent_ExStr_22,LH_VisCent_ExStr_22,26,MNI,L,cortex,VisCent,-32,-88,10
27,LH_VisCent_ExStr_23,LH_VisCent_ExStr_23,27,MNI,L,cortex,VisCent,-8,-100,10
28,LH_VisCent_ExStr_24,LH_VisCent_ExStr_24,28,MNI,L,cortex,VisCent,-18,-98,18
29,LH_VisCent_ExStr_25,LH_VisCent_ExStr_25,29,MNI,L,cortex,VisCent,-26,-90,20
30,LH_VisCent_ExStr_26,LH_VisCent_ExStr_26,30,MNI,L,cortex,VisCent,-34,-90,20
31,LH_VisCent_ExStr_27,LH_VisCent_ExStr_27,31,MNI,L,cortex,VisCent,-10,-96,26
32,LH_VisCent_ExStr_28,LH_VisCent_ExStr_28,32,MNI,L,cortex,VisCent,-18,-90,24
33,LH_VisCent_ExStr_29,LH_VisCent_ExStr_29,33,MNI,L,cortex,VisCent,-28,-82,20
34,LH_VisCent_ExStr_30,LH_VisCent_ExStr_30,34,MNI,L,cortex,VisCent,-24,-82,30
35,LH_VisPeri_StriCal_1,LH_VisPeri_StriCal_1,35,MNI,L,cortex,VisPeri,-8,-62,2
36,LH_VisPeri_StriCal_2,LH_VisPeri_StriCal_2,36,MNI,L,cortex,VisPeri,-4,-80,2
37,LH_VisPeri_StriCal_3,LH_VisPeri_StriCal_3,37,MNI,L,cortex,VisPeri,-4,-68,6
38,LH_VisPeri_StriCal_4,LH_VisPeri_StriCal_4,38,MNI,L,cortex,VisPeri,-6,-88,2
39,LH_VisPeri_StriCal_5,LH_VisPeri_StriCal_5,39,MNI,L,cortex,VisPeri,-16,-68,4
40,LH_VisPeri_StriCal_6,LH_VisPeri_StriCal_6,40,MNI,L,cortex,VisPeri,-12,-76,8
41,LH_VisPeri_StriCal_7,LH_VisPeri_StriCal_7,41,MNI,L,cortex,VisPeri,-6,-82,10
42,LH_VisPeri_StriCal_8,LH_VisPeri_StriCal_8,42,MNI,L,cortex,VisPeri,-2,-94,4
43,LH_VisPeri_StriCal_9,LH_VisPeri_StriCal_9,43,MNI,L,cortex,VisPeri,-8,-70,12
44,LH_VisPeri_StriCal_10,LH_VisPeri_StriCal_10,44,MNI,L,cortex,VisPeri,0,-80,12
45,LH_VisPeri_ExStrInf_1,LH_VisPeri_ExStrInf_1,45,MNI,L,cortex,VisPeri,-24,-58,-8
46,LH_VisPeri_ExStrInf_2,LH_VisPeri_ExStrInf_2,46,MNI,L,cortex,VisPeri,-22,-50,-6
47,LH_VisPeri_ExStrInf_3,LH_VisPeri_ExStrInf_3,47,MNI,L,cortex,VisPeri,-14,-70,-10
48,LH_VisPeri_ExStrInf_4,LH_VisPeri_ExStrInf_4,48,MNI,L,cortex,VisPeri,-14,-64,-6
49,LH_VisPeri_ExStrInf_5,LH_VisPeri_ExStrInf_5,49,MNI,L,cortex,VisPeri,-14,-50,-8
50,LH_VisPeri_ExStrInf_6,LH_VisPeri_ExStrInf_6,50,MNI,L,cortex,VisPeri,-6,-78,-8
51,LH_VisPeri_ExStrInf_7,LH_VisPeri_ExStrInf_7,51,MNI,L,cortex,VisPeri,-10,-62,-2
52,LH_VisPeri_ExStrInf_8,LH_VisPeri_ExStrInf_8,52,MNI,L,cortex,VisPeri,-6,-70,-2
53,LH_VisPeri_ExStrInf_9,LH_VisPeri_ExStrInf_9,53,MNI,L,cortex,VisPeri,-14,-42,-4
54,LH_VisPeri_ExStrInf_10,LH_VisPeri_ExStrInf_10,54,MNI,L,cortex,VisPeri,-16,-56,0
55,LH_VisPeri_ExStrSup_1,LH_VisPeri_ExStrSup_1,55,MNI,L,cortex,VisPeri,-24,-58,6
56,LH_VisPeri_ExStrSup_2,LH_VisPeri_ExStrSup_2,56,MNI,L,cortex,VisPeri,-18,-64,10
57,LH_VisPeri_ExStrSup_3,LH_VisPeri_ExStrSup_3,57,MNI,L,cortex,VisPeri,-4,-92,16
58,LH_VisPeri_ExStrSup_4,LH_VisPeri_ExStrSup_4,58,MNI,L,cortex,VisPeri,-8,-68,16
59,LH_VisPeri_ExStrSup_5,LH_VisPeri_ExStrSup_5,59,MNI,L,cortex,VisPeri,-2,-82,22
60,LH_VisPeri_ExStrSup_6,LH_VisPeri_ExStrSup_6,60,MNI,L,cortex,VisPeri,-16,-66,16
61,LH_VisPeri_ExStrSup_7,LH_VisPeri_ExStrSup_7,61,MNI,L,cortex,VisPeri,-4,-76,26
62,LH_VisPeri_ExStrSup_8,LH_VisPeri_ExStrSup_8,62,MNI,L,cortex,VisPeri,-6,-88,32
63,LH_VisPeri_ExStrSup_9,LH_VisPeri_ExStrSup_9,63,MNI,L,cortex,VisPeri,-14,-74,24
64,LH_VisPeri_ExStrSup_10,LH_VisPeri_ExStrSup_10,64,MNI,L,cortex,VisPeri,-18,-90,34
65,LH_VisPeri_ExStrSup_11,LH_VisPeri_ExStrSup_11,65,MNI,L,cortex,VisPeri,-12,-80,34
66,LH_VisPeri_ExStrSup_12,LH_VisPeri_ExStrSup_12,66,MNI,L,cortex,VisPeri,-14,-86,42
67,LH_SomMotA_1,LH_SomMotA_1,67,MNI,L,cortex,SomMotA,-8,-6,42
68,LH_SomMotA_2,LH_SomMotA_2,68,MNI,L,cortex,SomMotA,-56,-16,50
69,LH_SomMotA_3,LH_SomMotA_3,69,MNI,L,cortex,SomMotA,-8,-10,48
70,LH_SomMotA_4,LH_SomMotA_4,70,MNI,L,cortex,SomMotA,-50,-26,54
71,LH_SomMotA_5,LH_SomMotA_5,71,MNI,L,cortex,SomMotA,-44,-12,50
72,LH_SomMotA_6,LH_SomMotA_6,72,MNI,L,cortex,SomMotA,-48,-18,54
73,LH_SomMotA_7,LH_SomMotA_7,73,MNI,L,cortex,SomMotA,-8,-20,48
74,LH_SomMotA_8,LH_SomMotA_8,74,MNI,L,cortex,SomMotA,-36,-20,46
75,LH_SomMotA_9,LH_SomMotA_9,75,MNI,L,cortex,SomMotA,-6,-28,50
76,LH_SomMotA_10,LH_SomMotA_10,76,MNI,L,cortex,SomMotA,-4,-12,54
77,LH_SomMotA_11,LH_SomMotA_11,77,MNI,L,cortex,SomMotA,-40,-16,58
78,LH_SomMotA_12,LH_SomMotA_12,78,MNI,L,cortex,SomMotA,-44,-32,64
79,LH_SomMotA_13,LH_SomMotA_13,79,MNI,L,cortex,SomMotA,-40,-26,54
80,LH_SomMotA_14,LH_SomMotA_14,80,MNI,L,cortex,SomMotA,-4,-22,58
81,LH_SomMotA_15,LH_SomMotA_15,81,MNI,L,cortex,SomMotA,-34,-38,62
82,LH_SomMotA_16,LH_SomMotA_16,82,MNI,L,cortex,SomMotA,-8,-40,58
83,LH_SomMotA_17,LH_SomMotA_17,83,MNI,L,cortex,SomMotA,-36,-16,68
84,LH_SomMotA_18,LH_SomMotA_18,84,MNI,L,cortex,SomMotA,-4,-12,62
85,LH_SomMotA_19,LH_SomMotA_19,85,MNI,L,cortex,SomMotA,-32,-30,64
86,LH_SomMotA_20,LH_SomMotA_20,86,MNI,L,cortex,SomMotA,-30,-24,60
87,LH_SomMotA_21,LH_SomMotA_21,87,MNI,L,cortex,SomMotA,-2,-32,60
88,LH_SomMotA_22,LH_SomMotA_22,88,MNI,L,cortex,SomMotA,-26,-40,62
89,LH_SomMotA_23,LH_SomMotA_23,89,MNI,L,cortex,SomMotA,-24,-48,64
90,LH_SomMotA_24,LH_SomMotA_24,90,MNI,L,cortex,SomMotA,-24,-12,72
91,LH_SomMotA_25,LH_SomMotA_25,91,MNI,L,cortex,SomMotA,-28,-32,72
92,LH_SomMotA_26,LH_SomMotA_26,92,MNI,L,cortex,SomMotA,-4,-22,64
93,LH_SomMotA_27,LH_SomMotA_27,93,MNI,L,cortex,SomMotA,-22,-28,56
94,LH_SomMotA_28,LH_SomMotA_28,94,MNI,L,cortex,SomMotA,-16,-10,66
95,LH_SomMotA_29,LH_SomMotA_29,95,MNI,L,cortex,SomMotA,-12,-46,70
96,LH_SomMotA_30,LH_SomMotA_30,96,MNI,L,cortex,SomMotA,-24,-20,72
97,LH_SomMotA_31,LH_SomMotA_31,97,MNI,L,cortex,SomMotA,-4,-42,66
98,LH_SomMotA_32,LH_SomMotA_32,98,MNI,L,cortex,SomMotA,-18,-26,64
99,LH_SomMotA_33,LH_SomMotA_33,99,MNI,L,cortex,SomMotA,-22,-38,72
100,LH_SomMotA_34,LH_SomMotA_34,100,MNI,L,cortex,SomMotA,-12,-8,72
101,LH_SomMotA_35,LH_SomMotA_35,101,MNI,L,cortex,SomMotA,-20,-30,68
102,LH_SomMotA_36,LH_SomMotA_36,102,MNI,L,cortex,SomMotA,-16,-14,74
103,LH_SomMotA_37,LH_SomMotA_37,103,MNI,L,cortex,SomMotA,-8,-16,74
104,LH_SomMotA_38,LH_SomMotA_38,104,MNI,L,cortex,SomMotA,-2,-30,70
105,LH_SomMotA_39,LH_SomMotA_39,105,MNI,L,cortex,SomMotA,-8,-40,76
106,LH_SomMotA_40,LH_SomMotA_40,106,MNI,L,cortex,SomMotA,-18,-40,74
107,LH_SomMotA_41,LH_SomMotA_41,107,MNI,L,cortex,SomMotA,-12,-26,74
108,LH_SomMotA_42,LH_SomMotA_42,108,MNI,L,cortex,SomMotA,-10,-34,72
109,LH_SomMotB_Cent_1,LH_SomMotB_Cent_1,109,MNI,L,cortex,SomMotB,-60,2,22
110,LH_SomMotB_Cent_2,LH_SomMotB_Cent_2,110,MNI,L,cortex,SomMotB,-60,-6,20
111,LH_SomMotB_Cent_3,LH_SomMotB_Cent_3,111,MNI,L,cortex,SomMotB,-64,-10,28
112,LH_SomMotB_Cent_4,LH_SomMotB_Cent_4,112,MNI,L,cortex,SomMotB,-56,-2,28
113,LH_SomMotB_Cent_5,LH_SomMotB_Cent_5,113,MNI,L,cortex,SomMotB,-54,-10,32
114,LH_SomMotB_Cent_6,LH_SomMotB_Cent_6,114,MNI,L,cortex,SomMotB,-60,-10,38
115,LH_SomMotB_Cent_7,LH_SomMotB_Cent_7,115,MNI,L,cortex,SomMotB,-54,-6,36
116,LH_SomMotB_Cent_8,LH_SomMotB_Cent_8,116,MNI,L,cortex,SomMotB,-50,-16,40
117,LH_SomMotB_Cent_9,LH_SomMotB_Cent_9,117,MNI,L,cortex,SomMotB,-44,-12,38
118,LH_SomMotB_Cent_10,LH_SomMotB_Cent_10,118,MNI,L,cortex,SomMotB,-52,-4,48
119,LH_SomMotB_Cent_11,LH_SomMotB_Cent_11,119,MNI,L,cortex,SomMotB,-38,-18,40
120,LH_SomMotB_S2_1,LH_SomMotB_S2_1,120,MNI,L,cortex,SomMotB,-36,-14,14
121,LH_SomMotB_S2_2,LH_SomMotB_S2_2,121,MNI,L,cortex,SomMotB,-34,-22,18
122,LH_SomMotB_S2_3,LH_SomMotB_S2_3,122,MNI,L,cortex,SomMotB,-40,-14,18
123,LH_SomMotB_S2_4,LH_SomMotB_S2_4,123,MNI,L,cortex,SomMotB,-48,-14,14
124,LH_SomMotB_S2_5,LH_SomMotB_S2_5,124,MNI,L,cortex,SomMotB,-54,-8,10
125,LH_SomMotB_S2_6,LH_SomMotB_S2_6,125,MNI,L,cortex,SomMotB,-40,-26,20
126,LH_SomMotB_S2_7,LH_SomMotB_S2_7,126,MNI,L,cortex,SomMotB,-40,-36,16
127,LH_SomMotB_S2_8,LH_SomMotB_S2_8,127,MNI,L,cortex,SomMotB,-58,-14,14
128,LH_SomMotB_S2_9,LH_SomMotB_S2_9,128,MNI,L,cortex,SomMotB,-60,-2,12
129,LH_SomMotB_S2_10,LH_SomMotB_S2_10,129,MNI,L,cortex,SomMotB,-48,-22,18
130,LH_SomMotB_S2_11,LH_SomMotB_S2_11,130,MNI,L,cortex,SomMotB,-66,-12,16
131,LH_SomMotB_S2_12,LH_SomMotB_S2_12,131,MNI,L,cortex,SomMotB,-48,-30,18
132,LH_SomMotB_S2_13,LH_SomMotB_S2_13,132,MNI,L,cortex,SomMotB,-62,-18,20
133,LH_SomMotB_Ins_1,LH_SomMotB_Ins_1,133,MNI,L,cortex,SomMotB,-34,-24,10
134,LH_SomMotB_Aud_1,LH_SomMotB_Aud_1,134,MNI,L,cortex,SomMotB,-50,6,-8
135,LH_SomMotB_Aud_2,LH_SomMotB_Aud_2,135,MNI,L,cortex,SomMotB,-56,-4,0
136,LH_SomMotB_Aud_3,LH_SomMotB_Aud_3,136,MNI,L,cortex,SomMotB,-46,-12,-4
137,LH_SomMotB_Aud_4,LH_SomMotB_Aud_4,137,MNI,L,cortex,SomMotB,-62,-12,4
138,LH_SomMotB_Aud_5,LH_SomMotB_Aud_5,138,MNI,L,cortex,SomMotB,-66,-18,6
139,LH_SomMotB_Aud_6,LH_SomMotB_Aud_6,139,MNI,L,cortex,SomMotB,-52,-14,6
140,LH_SomMotB_Aud_7,LH_SomMotB_Aud_7,140,MNI,L,cortex,SomMotB,-42,-20,2
141,LH_SomMotB_Aud_8,LH_SomMotB_Aud_8,141,MNI,L,cortex,SomMotB,-52,-20,6
142,LH_SomMotB_Aud_9,LH_SomMotB_Aud_9,142,MNI,L,cortex,SomMotB,-60,-26,10
143,LH_SomMotB_Aud_10,LH_SomMotB_Aud_10,143,MNI,L,cortex,SomMotB,-40,-24,12
144,LH_SomMotB_Aud_11,LH_SomMotB_Aud_11,144,MNI,L,cortex,SomMotB,-42,-30,8
145,LH_SomMotB_Aud_12,LH_SomMotB_Aud_12,145,MNI,L,cortex,SomMotB,-34,-30,16
146,LH_SomMotB_Aud_13,LH_SomMotB_Aud_13,146,MNI,L,cortex,SomMotB,-48,-34,12
147,LH_SomMotB_Aud_14,LH_SomMotB_Aud_14,147,MNI,L,cortex,SomMotB,-58,-36,16
148,LH_DorsAttnA_TempOcc_1,LH_DorsAttnA_TempOcc_1,148,MNI,L,cortex,DorsAttnA,-36,-36,-24
149,LH_DorsAttnA_TempOcc_2,LH_DorsAttnA_TempOcc_2,149,MNI,L,cortex,DorsAttnA,-44,-42,-22
150,LH_DorsAttnA_TempOcc_3,LH_DorsAttnA_TempOcc_3,150,MNI,L,cortex,DorsAttnA,-42,-54,-16
151,LH_DorsAttnA_TempOcc_4,LH_DorsAttnA_TempOcc_4,151,MNI,L,cortex,DorsAttnA,-26,-44,-14
152,LH_DorsAttnA_TempOcc_5,LH_DorsAttnA_TempOcc_5,152,MNI,L,cortex,DorsAttnA,-46,-66,-18
153,LH_DorsAttnA_TempOcc_6,LH_DorsAttnA_TempOcc_6,153,MNI,L,cortex,DorsAttnA,-44,-58,-10
154,LH_DorsAttnA_TempOcc_7,LH_DorsAttnA_TempOcc_7,154,MNI,L,cortex,DorsAttnA,-48,-62,-6
155,LH_DorsAttnA_TempOcc_8,LH_DorsAttnA_TempOcc_8,155,MNI,L,cortex,DorsAttnA,-46,-72,-2
156,LH_DorsAttnA_TempOcc_9,LH_DorsAttnA_TempOcc_9,156,MNI,L,cortex,DorsAttnA,-48,-66,2
157,LH_DorsAttnA_TempOcc_10,LH_DorsAttnA_TempOcc_10,157,MNI,L,cortex,DorsAttnA,-48,-62,10
158,LH_DorsAttnA_ParOcc_1,LH_DorsAttnA_ParOcc_1,158,MNI,L,cortex,DorsAttnA,-48,-70,16
159,LH_DorsAttnA_ParOcc_2,LH_DorsAttnA_ParOcc_2,159,MNI,L,cortex,DorsAttnA,-48,-76,20
160,LH_DorsAttnA_ParOcc_3,LH_DorsAttnA_ParOcc_3,160,MNI,L,cortex,DorsAttnA,-42,-80,16
161,LH_DorsAttnA_ParOcc_4,LH_DorsAttnA_ParOcc_4,161,MNI,L,cortex,DorsAttnA,-44,-62,16
162,LH_DorsAttnA_ParOcc_5,LH_DorsAttnA_ParOcc_5,162,MNI,L,cortex,DorsAttnA,-38,-86,24
163,LH_DorsAttnA_ParOcc_6,LH_DorsAttnA_ParOcc_6,163,MNI,L,cortex,DorsAttnA,-32,-84,26
164,LH_DorsAttnA_ParOcc_7,LH_DorsAttnA_ParOcc_7,164,MNI,L,cortex,DorsAttnA,-30,-76,30
165,LH_DorsAttnA_SPL_1,LH_DorsAttnA_SPL_1,165,MNI,L,cortex,DorsAttnA,-28,-70,26
166,LH_DorsAttnA_SPL_2,LH_DorsAttnA_SPL_2,166,MNI,L,cortex,DorsAttnA,-22,-82,42
167,LH_DorsAttnA_SPL_3,LH_DorsAttnA_SPL_3,167,MNI,L,cortex,DorsAttnA,-22,-72,36
168,LH_DorsAttnA_SPL_4,LH_DorsAttnA_SPL_4,168,MNI,L,cortex,DorsAttnA,-26,-68,38
169,LH_DorsAttnA_SPL_5,LH_DorsAttnA_SPL_5,169,MNI,L,cortex,DorsAttnA,-24,-64,48
170,LH_DorsAttnA_SPL_6,LH_DorsAttnA_SPL_6,170,MNI,L,cortex,DorsAttnA,-18,-78,50
171,LH_DorsAttnA_SPL_7,LH_DorsAttnA_SPL_7,171,MNI,L,cortex,DorsAttnA,-20,-68,46
172,LH_DorsAttnA_SPL_8,LH_DorsAttnA_SPL_8,172,MNI,L,cortex,DorsAttnA,-28,-60,52
173,LH_DorsAttnA_SPL_9,LH_DorsAttnA_SPL_9,173,MNI,L,cortex,DorsAttnA,-28,-54,48
174,LH_DorsAttnA_SPL_10,LH_DorsAttnA_SPL_10,174,MNI,L,cortex,DorsAttnA,-26,-64,56
175,LH_DorsAttnA_SPL_11,LH_DorsAttnA_SPL_11,175,MNI,L,cortex,DorsAttnA,-28,-56,56
176,LH_DorsAttnA_SPL_12,LH_DorsAttnA_SPL_12,176,MNI,L,cortex,DorsAttnA,-14,-72,56
177,LH_DorsAttnA_SPL_13,LH_DorsAttnA_SPL_13,177,MNI,L,cortex,DorsAttnA,-38,-52,58
178,LH_DorsAttnA_SPL_14,LH_DorsAttnA_SPL_14,178,MNI,L,cortex,DorsAttnA,-8,-70,60
179,LH_DorsAttnA_SPL_15,LH_DorsAttnA_SPL_15,179,MNI,L,cortex,DorsAttnA,-22,-68,62
180,LH_DorsAttnA_SPL_16,LH_DorsAttnA_SPL_16,180,MNI,L,cortex,DorsAttnA,-30,-62,62
181,LH_DorsAttnA_SPL_17,LH_DorsAttnA_SPL_17,181,MNI,L,cortex,DorsAttnA,-14,-64,60
182,LH_DorsAttnB_TempOcc_1,LH_DorsAttnB_TempOcc_1,182,MNI,L,cortex,DorsAttnB,-54,-68,6
183,LH_DorsAttnB_TempOcc_2,LH_DorsAttnB_TempOcc_2,183,MNI,L,cortex,DorsAttnB,-58,-60,6
184,LH_DorsAttnB_PostC_1,LH_DorsAttnB_PostC_1,184,MNI,L,cortex,DorsAttnB,-58,-22,38
185,LH_DorsAttnB_PostC_2,LH_DorsAttnB_PostC_2,185,MNI,L,cortex,DorsAttnB,-58,-30,46
186,LH_DorsAttnB_PostC_3,LH_DorsAttnB_PostC_3,186,MNI,L,cortex,DorsAttnB,-56,-20,42
187,LH_DorsAttnB_PostC_4,LH_DorsAttnB_PostC_4,187,MNI,L,cortex,DorsAttnB,-52,-28,42
188,LH_DorsAttnB_PostC_5,LH_DorsAttnB_PostC_5,188,MNI,L,cortex,DorsAttnB,-52,-34,44
189,LH_DorsAttnB_PostC_6,LH_DorsAttnB_PostC_6,189,MNI,L,cortex,DorsAttnB,-42,-32,42
190,LH_DorsAttnB_PostC_7,LH_DorsAttnB_PostC_7,190,MNI,L,cortex,DorsAttnB,-46,-28,44
191,LH_DorsAttnB_PostC_8,LH_DorsAttnB_PostC_8,191,MNI,L,cortex,DorsAttnB,-32,-40,42
192,LH_DorsAttnB_PostC_9,LH_DorsAttnB_PostC_9,192,MNI,L,cortex,DorsAttnB,-40,-36,50
193,LH_DorsAttnB_PostC_10,LH_DorsAttnB_PostC_10,193,MNI,L,cortex,DorsAttnB,-38,-42,56
194,LH_DorsAttnB_PostC_11,LH_DorsAttnB_PostC_11,194,MNI,L,cortex,DorsAttnB,-34,-46,62
195,LH_DorsAttnB_PostC_12,LH_DorsAttnB_PostC_12,195,MNI,L,cortex,DorsAttnB,-6,-62,60
196,LH_DorsAttnB_PostC_13,LH_DorsAttnB_PostC_13,196,MNI,L,cortex,DorsAttnB,-32,-52,68
197,LH_DorsAttnB_PostC_14,LH_DorsAttnB_PostC_14,197,MNI,L,cortex,DorsAttnB,-22,-58,64
198,LH_DorsAttnB_PostC_15,LH_DorsAttnB_PostC_15,198,MNI,L,cortex,DorsAttnB,-6,-54,68
199,LH_DorsAttnB_PostC_16,LH_DorsAttnB_PostC_16,199,MNI,L,cortex,DorsAttnB,-14,-58,68
200,LH_DorsAttnB_PostC_17,LH_DorsAttnB_PostC_17,200,MNI,L,cortex,DorsAttnB,-20,-50,68
201,LH_DorsAttnB_PostC_18,LH_DorsAttnB_PostC_18,201,MNI,L,cortex,DorsAttnB,-14,-50,74
202,LH_DorsAttnB_FEF_1,LH_DorsAttnB_FEF_1,202,MNI,L,cortex,DorsAttnB,-42,-2,50
203,LH_DorsAttnB_FEF_2,LH_DorsAttnB_FEF_2,203,MNI,L,cortex,DorsAttnB,-32,-4,52
204,LH_DorsAttnB_FEF_3,LH_DorsAttnB_FEF_3,204,MNI,L,cortex,DorsAttnB,-40,-4,58
205,LH_DorsAttnB_FEF_4,LH_DorsAttnB_FEF_4,205,MNI,L,cortex,DorsAttnB,-24,-6,52
206,LH_DorsAttnB_FEF_5,LH_DorsAttnB_FEF_5,206,MNI,L,cortex,DorsAttnB,-28,-12,60
207,LH_DorsAttnB_FEF_6,LH_DorsAttnB_FEF_6,207,MNI,L,cortex,DorsAttnB,-20,-6,60
208,LH_DorsAttnB_FEF_7,LH_DorsAttnB_FEF_7,208,MNI,L,cortex,DorsAttnB,-20,0,68
209,LH_DorsAttnB_PrCv_1,LH_DorsAttnB_PrCv_1,209,MNI,L,cortex,DorsAttnB,-54,6,34
210,LH_DorsAttnB_PrCv_2,LH_DorsAttnB_PrCv_2,210,MNI,L,cortex,DorsAttnB,-50,2,40
211,LH_SalVentAttnA_ParOper_1,LH_SalVentAttnA_ParOper_1,211,MNI,L,cortex,SalVentAttnA,-48,-40,24
212,LH_SalVentAttnA_ParOper_2,LH_SalVentAttnA_ParOper_2,212,MNI,L,cortex,SalVentAttnA,-60,-24,20
213,LH_SalVentAttnA_ParOper_3,LH_SalVentAttnA_ParOper_3,213,MNI,L,cortex,SalVentAttnA,-54,-40,30
214,LH_SalVentAttnA_ParOper_4,LH_SalVentAttnA_ParOper_4,214,MNI,L,cortex,SalVentAttnA,-58,-32,24
215,LH_SalVentAttnA_ParOper_5,LH_SalVentAttnA_ParOper_5,215,MNI,L,cortex,SalVentAttnA,-58,-18,30
216,LH_SalVentAttnA_ParOper_6,LH_SalVentAttnA_ParOper_6,216,MNI,L,cortex,SalVentAttnA,-62,-36,34
217,LH_SalVentAttnA_ParOper_7,LH_SalVentAttnA_ParOper_7,217,MNI,L,cortex,SalVentAttnA,-64,-28,34
218,LH_SalVentAttnA_FrOper_1,LH_SalVentAttnA_FrOper_1,218,MNI,L,cortex,SalVentAttnA,-38,6,10
219,LH_SalVentAttnA_FrOper_2,LH_SalVentAttnA_FrOper_2,219,MNI,L,cortex,SalVentAttnA,-38,-4,16
220,LH_SalVentAttnA_FrOper_3,LH_SalVentAttnA_FrOper_3,220,MNI,L,cortex,SalVentAttnA,-44,-2,12
221,LH_SalVentAttnA_FrOper_4,LH_SalVentAttnA_FrOper_4,221,MNI,L,cortex,SalVentAttnA,-46,6,2
222,LH_SalVentAttnA_FrOper_5,LH_SalVentAttnA_FrOper_5,222,MNI,L,cortex,SalVentAttnA,-48,-4,6
223,LH_SalVentAttnA_FrOper_6,LH_SalVentAttnA_FrOper_6,223,MNI,L,cortex,SalVentAttnA,-54,6,2
224,LH_SalVentAttnA_FrOper_7,LH_SalVentAttnA_FrOper_7,224,MNI,L,cortex,SalVentAttnA,-58,2,8
225,LH_SalVentAttnA_FrOper_8,LH_SalVentAttnA_FrOper_8,225,MNI,L,cortex,SalVentAttnA,-54,8,12
226,LH_SalVentAttnA_FrOper_9,LH_SalVentAttnA_FrOper_9,226,MNI,L,cortex,SalVentAttnA,-60,6,18
227,LH_SalVentAttnA_Ins_1,LH_SalVentAttnA_Ins_1,227,MNI,L,cortex,SalVentAttnA,-36,6,-16
228,LH_SalVentAttnA_Ins_2,LH_SalVentAttnA_Ins_2,228,MNI,L,cortex,SalVentAttnA,-38,2,-10
229,LH_SalVentAttnA_Ins_3,LH_SalVentAttnA_Ins_3,229,MNI,L,cortex,SalVentAttnA,-38,10,-2
230,LH_SalVentAttnA_Ins_4,LH_SalVentAttnA_Ins_4,230,MNI,L,cortex,SalVentAttnA,-40,-10,-10
231,LH_SalVentAttnA_Ins_5,LH_SalVentAttnA_Ins_5,231,MNI,L,cortex,SalVentAttnA,-40,-2,2
232,LH_SalVentAttnA_Ins_6,LH_SalVentAttnA_Ins_6,232,MNI,L,cortex,SalVentAttnA,-38,-16,2
233,LH_SalVentAttnA_Ins_7,LH_SalVentAttnA_Ins_7,233,MNI,L,cortex,SalVentAttnA,-32,26,8
234,LH_SalVentAttnA_Ins_8,LH_SalVentAttnA_Ins_8,234,MNI,L,cortex,SalVentAttnA,-32,14,10
235,LH_SalVentAttnA_Ins_9,LH_SalVentAttnA_Ins_9,235,MNI,L,cortex,SalVentAttnA,-36,-4,10
236,LH_SalVentAttnA_ParMed_1,LH_SalVentAttnA_ParMed_1,236,MNI,L,cortex,SalVentAttnA,-8,-18,38
237,LH_SalVentAttnA_ParMed_2,LH_SalVentAttnA_ParMed_2,237,MNI,L,cortex,SalVentAttnA,-12,-32,40
238,LH_SalVentAttnA_ParMed_3,LH_SalVentAttnA_ParMed_3,238,MNI,L,cortex,SalVentAttnA,-12,-20,40
239,LH_SalVentAttnA_ParMed_4,LH_SalVentAttnA_ParMed_4,239,MNI,L,cortex,SalVentAttnA,-14,-40,46
240,LH_SalVentAttnA_ParMed_5,LH_SalVentAttnA_ParMed_5,240,MNI,L,cortex,SalVentAttnA,-12,-28,44
241,LH_SalVentAttnA_ParMed_6,LH_SalVentAttnA_ParMed_6,241,MNI,L,cortex,SalVentAttnA,-10,-46,52
242,LH_SalVentAttnA_ParMed_7,LH_SalVentAttnA_ParMed_7,242,MNI,L,cortex,SalVentAttnA,-12,-36,50
243,LH_SalVentAttnA_ParMed_8,LH_SalVentAttnA_ParMed_8,243,MNI,L,cortex,SalVentAttnA,-8,-48,60
244,LH_SalVentAttnA_FrMed_1,LH_SalVentAttnA_FrMed_1,244,MNI,L,cortex,SalVentAttnA,-4,16,32
245,LH_SalVentAttnA_FrMed_2,LH_SalVentAttnA_FrMed_2,245,MNI,L,cortex,SalVentAttnA,-2,0,36
246,LH_SalVentAttnA_FrMed_3,LH_SalVentAttnA_FrMed_3,246,MNI,L,cortex,SalVentAttnA,-8,6,38
247,LH_SalVentAttnA_FrMed_4,LH_SalVentAttnA_FrMed_4,247,MNI,L,cortex,SalVentAttnA,-6,4,50
248,LH_SalVentAttnA_FrMed_5,LH_SalVentAttnA_FrMed_5,248,MNI,L,cortex,SalVentAttnA,-4,4,58
249,LH_SalVentAttnA_FrMed_6,LH_SalVentAttnA_FrMed_6,249,MNI,L,cortex,SalVentAttnA,-4,-2,64
250,LH_SalVentAttnA_FrMed_7,LH_SalVentAttnA_FrMed_7,250,MNI,L,cortex,SalVentAttnA,-8,-2,72
251,LH_SalVentAttnB_IPL_1,LH_SalVentAttnB_IPL_1,251,MNI,L,cortex,SalVentAttnB,-62,-44,30
252,LH_SalVentAttnB_IPL_2,LH_SalVentAttnB_IPL_2,252,MNI,L,cortex,SalVentAttnB,-60,-42,44
253,LH_SalVentAttnB_PFCd_1,LH_SalVentAttnB_PFCd_1,253,MNI,L,cortex,SalVentAttnB,-12,6,68
254,LH_SalVentAttnB_PFCl_1,LH_SalVentAttnB_PFCl_1,254,MNI,L,cortex,SalVentAttnB,-38,46,18
255,LH_SalVentAttnB_PFCl_2,LH_SalVentAttnB_PFCl_2,255,MNI,L,cortex,SalVentAttnB,-28,50,22
256,LH_SalVentAttnB_PFCl_3,LH_SalVentAttnB_PFCl_3,256,MNI,L,cortex,SalVentAttnB,-30,42,30
257,LH_SalVentAttnB_PFCl_4,LH_SalVentAttnB_PFCl_4,257,MNI,L,cortex,SalVentAttnB,-22,50,30
258,LH_SalVentAttnB_PFCl_5,LH_SalVentAttnB_PFCl_5,258,MNI,L,cortex,SalVentAttnB,-34,32,38
259,LH_SalVentAttnB_PFCl_6,LH_SalVentAttnB_PFCl_6,259,MNI,L,cortex,SalVentAttnB,-26,38,40
260,LH_SalVentAttnB_Ins_1,LH_SalVentAttnB_Ins_1,260,MNI,L,cortex,SalVentAttnB,-34,12,-12
261,LH_SalVentAttnB_Ins_2,LH_SalVentAttnB_Ins_2,261,MNI,L,cortex,SalVentAttnB,-36,16,-8
262,LH_SalVentAttnB_Ins_3,LH_SalVentAttnB_Ins_3,262,MNI,L,cortex,SalVentAttnB,-30,24,-4
263,LH_SalVentAttnB_Ins_4,LH_SalVentAttnB_Ins_4,263,MNI,L,cortex,SalVentAttnB,-34,30,0
264,LH_SalVentAttnB_Ins_5,LH_SalVentAttnB_Ins_5,264,MNI,L,cortex,SalVentAttnB,-32,20,4
265,LH_SalVentAttnB_Ins_6,LH_SalVentAttnB_Ins_6,265,MNI,L,cortex,SalVentAttnB,-38,18,8
266,LH_SalVentAttnB_Ins_7,LH_SalVentAttnB_Ins_7,266,MNI,L,cortex,SalVentAttnB,-42,14,2
267,LH_SalVentAttnB_Ins_8,LH_SalVentAttnB_Ins_8,267,MNI,L,cortex,SalVentAttnB,-50,10,12
268,LH_SalVentAttnB_OFC_1,LH_SalVentAttnB_OFC_1,268,MNI,L,cortex,SalVentAttnB,-28,46,-14
269,LH_SalVentAttnB_PFCmp_1,LH_SalVentAttnB_PFCmp_1,269,MNI,L,cortex,SalVentAttnB,-4,18,24
270,LH_SalVentAttnB_PFCmp_2,LH_SalVentAttnB_PFCmp_2,270,MNI,L,cortex,SalVentAttnB,-8,28,28
271,LH_SalVentAttnB_PFCmp_3,LH_SalVentAttnB_PFCmp_3,271,MNI,L,cortex,SalVentAttnB,-6,16,40
272,LH_SalVentAttnB_PFCmp_4,LH_SalVentAttnB_PFCmp_4,272,MNI,L,cortex,SalVentAttnB,-6,14,54
273,LH_LimbicB_OFC_1,LH_LimbicB_OFC_1,273,MNI,L,cortex,LimbicB,-20,12,-22
274,LH_LimbicB_OFC_2,LH_LimbicB_OFC_2,274,MNI,L,cortex,LimbicB,-12,22,-18
275,LH_LimbicB_OFC_3,LH_LimbicB_OFC_3,275,MNI,L,cortex,LimbicB,-14,24,-24
276,LH_LimbicB_OFC_4,LH_LimbicB_OFC_4,276,MNI,L,cortex,LimbicB,-10,34,-22
277,LH_LimbicB_OFC_5,LH_LimbicB_OFC_5,277,MNI,L,cortex,LimbicB,-28,16,-24
278,LH_LimbicB_OFC_6,LH_LimbicB_OFC_6,278,MNI,L,cortex,LimbicB,-8,20,-22
279,LH_LimbicB_OFC_7,LH_LimbicB_OFC_7,279,MNI,L,cortex,LimbicB,-24,28,-18
280,LH_LimbicB_OFC_8,LH_LimbicB_OFC_8,280,MNI,L,cortex,LimbicB,-18,40,-20
281,LH_LimbicB_OFC_9,LH_LimbicB_OFC_9,281,MNI,L,cortex,LimbicB,-4,38,-22
282,LH_LimbicB_OFC_10,LH_LimbicB_OFC_10,282,MNI,L,cortex,LimbicB,-8,50,-22
283,LH_LimbicB_OFC_11,LH_LimbicB_OFC_11,283,MNI,L,cortex,LimbicB,-2,20,-18
284,LH_LimbicB_OFC_12,LH_LimbicB_OFC_12,284,MNI,L,cortex,LimbicB,-4,16,-10
285,LH_LimbicB_OFC_13,LH_LimbicB_OFC_13,285,MNI,L,cortex,LimbicB,-10,62,-16
286,LH_LimbicB_OFC_14,LH_LimbicB_OFC_14,286,MNI,L,cortex,LimbicB,-6,32,-12
287,LH_LimbicB_OFC_15,LH_LimbicB_OFC_15,287,MNI,L,cortex,LimbicB,-22,62,-10
288,LH_LimbicB_OFC_16,LH_LimbicB_OFC_16,288,MNI,L,cortex,LimbicB,-16,66,-4
289,LH_LimbicA_TempPole_1,LH_LimbicA_TempPole_1,289,MNI,L,cortex,LimbicA,-28,2,-44
290,LH_LimbicA_TempPole_2,LH_LimbicA_TempPole_2,290,MNI,L,cortex,LimbicA,-42,-2,-44
291,LH_LimbicA_TempPole_3,LH_LimbicA_TempPole_3,291,MNI,L,cortex,LimbicA,-38,-12,-38
292,LH_LimbicA_TempPole_4,LH_LimbicA_TempPole_4,292,MNI,L,cortex,LimbicA,-28,-8,-34
293,LH_LimbicA_TempPole_5,LH_LimbicA_TempPole_5,293,MNI,L,cortex,LimbicA,-50,-14,-36
294,LH_LimbicA_TempPole_6,LH_LimbicA_TempPole_6,294,MNI,L,cortex,LimbicA,-18,-2,-30
295,LH_LimbicA_TempPole_7,LH_LimbicA_TempPole_7,295,MNI,L,cortex,LimbicA,-40,-18,-28
296,LH_LimbicA_TempPole_8,LH_LimbicA_TempPole_8,296,MNI,L,cortex,LimbicA,-36,18,-34
297,LH_LimbicA_TempPole_9,LH_LimbicA_TempPole_9,297,MNI,L,cortex,LimbicA,-26,8,-30
298,LH_LimbicA_TempPole_10,LH_LimbicA_TempPole_10,298,MNI,L,cortex,LimbicA,-44,-30,-22
299,LH_LimbicA_TempPole_11,LH_LimbicA_TempPole_11,299,MNI,L,cortex,LimbicA,-54,-32,-28
300,LH_LimbicA_TempPole_12,LH_LimbicA_TempPole_12,300,MNI,L,cortex,LimbicA,-20,-14,-30
301,LH_LimbicA_TempPole_13,LH_LimbicA_TempPole_13,301,MNI,L,cortex,LimbicA,-38,8,-24
302,LH_LimbicA_TempPole_14,LH_LimbicA_TempPole_14,302,MNI,L,cortex,LimbicA,-44,6,-16
303,LH_ContA_Temp_1,LH_ContA_Temp_1,303,MNI,L,cortex,ContA,-50,-48,-20
304,LH_ContA_Temp_2,LH_ContA_Temp_2,304,MNI,L,cortex,ContA,-56,-58,-18
305,LH_ContA_Temp_3,LH_ContA_Temp_3,305,MNI,L,cortex,ContA,-58,-60,-4
306,LH_ContA_IPS_1,LH_ContA_IPS_1,306,MNI,L,cortex,ContA,-28,-78,42
307,LH_ContA_IPS_2,LH_ContA_IPS_2,307,MNI,L,cortex,ContA,-54,-40,52
308,LH_ContA_IPS_3,LH_ContA_IPS_3,308,MNI,L,cortex,ContA,-48,-42,50
309,LH_ContA_IPS_4,LH_ContA_IPS_4,309,MNI,L,cortex,ContA,-44,-46,48
310,LH_ContA_IPS_5,LH_ContA_IPS_5,310,MNI,L,cortex,ContA,-28,-66,48
311,LH_ContA_IPS_6,LH_ContA_IPS_6,311,MNI,L,cortex,ContA,-42,-40,42
312,LH_ContA_IPS_7,LH_ContA_IPS_7,312,MNI,L,cortex,ContA,-34,-58,44
313,LH_ContA_IPS_8,LH_ContA_IPS_8,313,MNI,L,cortex,ContA,-36,-46,40
314,LH_ContA_IPS_9,LH_ContA_IPS_9,314,MNI,L,cortex,ContA,-32,-54,40
315,LH_ContA_IPS_10,LH_ContA_IPS_10,315,MNI,L,cortex,ContA,-32,-48,46
316,LH_ContA_PFCd_1,LH_ContA_PFCd_1,316,MNI,L,cortex,ContA,-28,4,58
317,LH_ContA_PFCd_2,LH_ContA_PFCd_2,317,MNI,L,cortex,ContA,-22,8,62
318,LH_ContA_PFCl_1,LH_ContA_PFCl_1,318,MNI,L,cortex,ContA,-48,14,24
319,LH_ContA_PFCl_2,LH_ContA_PFCl_2,319,MNI,L,cortex,ContA,-48,6,22
320,LH_ContA_PFCl_3,LH_ContA_PFCl_3,320,MNI,L,cortex,ContA,-52,6,28
321,LH_ContA_PFCl_4,LH_ContA_PFCl_4,321,MNI,L,cortex,ContA,-44,24,28
322,LH_ContA_PFCl_5,LH_ContA_PFCl_5,322,MNI,L,cortex,ContA,-42,38,30
323,LH_ContA_PFCl_6,LH_ContA_PFCl_6,323,MNI,L,cortex,ContA,-36,8,28
324,LH_ContA_PFCl_7,LH_ContA_PFCl_7,324,MNI,L,cortex,ContA,-42,2,32
325,LH_ContA_PFCl_8,LH_ContA_PFCl_8,325,MNI,L,cortex,ContA,-40,10,32
326,LH_ContA_PFCl_9,LH_ContA_PFCl_9,326,MNI,L,cortex,ContA,-40,4,36
327,LH_ContA_PFClv_1,LH_ContA_PFClv_1,327,MNI,L,cortex,ContA,-48,42,4
328,LH_ContA_PFClv_2,LH_ContA_PFClv_2,328,MNI,L,cortex,ContA,-52,32,12
329,LH_ContA_PFClv_3,LH_ContA_PFClv_3,329,MNI,L,cortex,ContA,-42,38,14
330,LH_ContA_PFClv_4,LH_ContA_PFClv_4,330,MNI,L,cortex,ContA,-44,26,20
331,LH_ContA_PFClv_5,LH_ContA_PFClv_5,331,MNI,L,cortex,ContA,-42,34,22
332,LH_ContA_Cingm_1,LH_ContA_Cingm_1,332,MNI,L,cortex,ContA,-4,10,28
333,LH_ContA_Cingm_2,LH_ContA_Cingm_2,333,MNI,L,cortex,ContA,-4,-2,30
334,LH_ContB_Temp_1,LH_ContB_Temp_1,334,MNI,L,cortex,ContB,-60,-40,-20
335,LH_ContB_Temp_2,LH_ContB_Temp_2,335,MNI,L,cortex,ContB,-62,-34,-14
336,LH_ContB_Temp_3,LH_ContB_Temp_3,336,MNI,L,cortex,ContB,-60,-48,-12
337,LH_ContB_Temp_4,LH_ContB_Temp_4,337,MNI,L,cortex,ContB,-62,-50,-4
338,LH_ContB_IPL_1,LH_ContB_IPL_1,338,MNI,L,cortex,ContB,-52,-50,42
339,LH_ContB_IPL_2,LH_ContB_IPL_2,339,MNI,L,cortex,ContB,-56,-46,46
340,LH_ContB_IPL_3,LH_ContB_IPL_3,340,MNI,L,cortex,ContB,-44,-64,52
341,LH_ContB_IPL_4,LH_ContB_IPL_4,341,MNI,L,cortex,ContB,-32,-70,50
342,LH_ContB_IPL_5,LH_ContB_IPL_5,342,MNI,L,cortex,ContB,-48,-56,52
343,LH_ContB_IPL_6,LH_ContB_IPL_6,343,MNI,L,cortex,ContB,-50,-48,54
344,LH_ContB_IPL_7,LH_ContB_IPL_7,344,MNI,L,cortex,ContB,-38,-62,52
345,LH_ContB_IPL_8,LH_ContB_IPL_8,345,MNI,L,cortex,ContB,-42,-54,48
346,LH_ContB_PFCd_1,LH_ContB_PFCd_1,346,MNI,L,cortex,ContB,-30,16,56
347,LH_ContB_PFCd_2,LH_ContB_PFCd_2,347,MNI,L,cortex,ContB,-24,14,52
348,LH_ContB_PFCd_3,LH_ContB_PFCd_3,348,MNI,L,cortex,ContB,-22,22,58
349,LH_ContB_PFCl_1,LH_ContB_PFCl_1,349,MNI,L,cortex,ContB,-46,22,36
350,LH_ContB_PFCl_2,LH_ContB_PFCl_2,350,MNI,L,cortex,ContB,-46,14,40
351,LH_ContB_PFCl_3,LH_ContB_PFCl_3,351,MNI,L,cortex,ContB,-38,24,46
352,LH_ContB_PFClv_1,LH_ContB_PFClv_1,352,MNI,L,cortex,ContB,-38,50,-14
353,LH_ContB_PFClv_2,LH_ContB_PFClv_2,353,MNI,L,cortex,ContB,-40,52,-4
354,LH_ContB_PFClv_3,LH_ContB_PFClv_3,354,MNI,L,cortex,ContB,-28,58,-2
355,LH_ContB_PFClv_4,LH_ContB_PFClv_4,355,MNI,L,cortex,ContB,-38,50,6
356,LH_ContB_PFClv_5,LH_ContB_PFClv_5,356,MNI,L,cortex,ContB,-28,56,10
357,LH_ContB_PFCmp_1,LH_ContB_PFCmp_1,357,MNI,L,cortex,ContB,-4,36,34
358,LH_ContB_PFCmp_2,LH_ContB_PFCmp_2,358,MNI,L,cortex,ContB,-4,24,48
359,LH_ContC_pCun_1,LH_ContC_pCun_1,359,MNI,L,cortex,ContC,-16,-68,26
360,LH_ContC_pCun_2,LH_ContC_pCun_2,360,MNI,L,cortex,ContC,-10,-70,30
361,LH_ContC_pCun_3,LH_ContC_pCun_3,361,MNI,L,cortex,ContC,-10,-72,38
362,LH_ContC_pCun_4,LH_ContC_pCun_4,362,MNI,L,cortex,ContC,-4,-32,42
363,LH_ContC_pCun_5,LH_ContC_pCun_5,363,MNI,L,cortex,ContC,-12,-78,44
364,LH_ContC_pCun_6,LH_ContC_pCun_6,364,MNI,L,cortex,ContC,-4,-40,42
365,LH_ContC_pCun_7,LH_ContC_pCun_7,365,MNI,L,cortex,ContC,-4,-76,44
366,LH_ContC_pCun_8,LH_ContC_pCun_8,366,MNI,L,cortex,ContC,-4,-68,44
367,LH_ContC_pCun_9,LH_ContC_pCun_9,367,MNI,L,cortex,ContC,-6,-76,52
368,LH_ContC_pCun_10,LH_ContC_pCun_10,368,MNI,L,cortex,ContC,-6,-58,48
369,LH_ContC_pCun_11,LH_ContC_pCun_11,369,MNI,L,cortex,ContC,-4,-66,52
370,LH_ContC_pCun_12,LH_ContC_pCun_12,370,MNI,L,cortex,ContC,-4,-50,52
371,LH_ContC_pCun_13,LH_ContC_pCun_13,371,MNI,L,cortex,ContC,-4,-54,58
372,LH_ContC_Cingp_1,LH_ContC_Cingp_1,372,MNI,L,cortex,ContC,-6,-44,20
373,LH_ContC_Cingp_2,LH_ContC_Cingp_2,373,MNI,L,cortex,ContC,-6,-38,24
374,LH_ContC_Cingp_3,LH_ContC_Cingp_3,374,MNI,L,cortex,ContC,-6,-26,28
375,LH_ContC_Cingp_4,LH_ContC_Cingp_4,375,MNI,L,cortex,ContC,-4,-12,30
376,LH_ContC_Cingp_5,LH_ContC_Cingp_5,376,MNI,L,cortex,ContC,-4,-32,28
377,LH_ContC_Cingp_6,LH_ContC_Cingp_6,377,MNI,L,cortex,ContC,-2,-22,30
378,LH_DefaultA_IPL_1,LH_DefaultA_IPL_1,378,MNI,L,cortex,DefaultA,-44,-64,24
379,LH_DefaultA_IPL_2,LH_DefaultA_IPL_2,379,MNI,L,cortex,DefaultA,-48,-70,30
380,LH_DefaultA_IPL_3,LH_DefaultA_IPL_3,380,MNI,L,cortex,DefaultA,-48,-64,32
381,LH_DefaultA_IPL_4,LH_DefaultA_IPL_4,381,MNI,L,cortex,DefaultA,-38,-78,40
382,LH_DefaultA_IPL_5,LH_DefaultA_IPL_5,382,MNI,L,cortex,DefaultA,-46,-70,40
383,LH_DefaultA_IPL_6,LH_DefaultA_IPL_6,383,MNI,L,cortex,DefaultA,-46,-62,42
384,LH_DefaultA_IPL_7,LH_DefaultA_IPL_7,384,MNI,L,cortex,DefaultA,-38,-72,48
385,LH_DefaultA_PFCd_1,LH_DefaultA_PFCd_1,385,MNI,L,cortex,DefaultA,-20,44,42
386,LH_DefaultA_PFCd_2,LH_DefaultA_PFCd_2,386,MNI,L,cortex,DefaultA,-26,28,44
387,LH_DefaultA_PFCd_3,LH_DefaultA_PFCd_3,387,MNI,L,cortex,DefaultA,-20,34,50
388,LH_DefaultA_PFCd_4,LH_DefaultA_PFCd_4,388,MNI,L,cortex,DefaultA,-22,18,46
389,LH_DefaultA_pCunPCC_1,LH_DefaultA_pCunPCC_1,389,MNI,L,cortex,DefaultA,-6,-46,14
390,LH_DefaultA_pCunPCC_2,LH_DefaultA_pCunPCC_2,390,MNI,L,cortex,DefaultA,-4,-54,18
391,LH_DefaultA_pCunPCC_3,LH_DefaultA_pCunPCC_3,391,MNI,L,cortex,DefaultA,-2,-48,24
392,LH_DefaultA_pCunPCC_4,LH_DefaultA_pCunPCC_4,392,MNI,L,cortex,DefaultA,-4,-60,22
393,LH_DefaultA_pCunPCC_5,LH_DefaultA_pCunPCC_5,393,MNI,L,cortex,DefaultA,-4,-42,26
394,LH_DefaultA_pCunPCC_6,LH_DefaultA_pCunPCC_6,394,MNI,L,cortex,DefaultA,-8,-52,26
395,LH_DefaultA_pCunPCC_7,LH_DefaultA_pCunPCC_7,395,MNI,L,cortex,DefaultA,-6,-66,26
396,LH_DefaultA_pCunPCC_8,LH_DefaultA_pCunPCC_8,396,MNI,L,cortex,DefaultA,-6,-46,30
397,LH_DefaultA_pCunPCC_9,LH_DefaultA_pCunPCC_9,397,MNI,L,cortex,DefaultA,-6,-58,30
398,LH_DefaultA_pCunPCC_10,LH_DefaultA_pCunPCC_10,398,MNI,L,cortex,DefaultA,-4,-40,30
399,LH_DefaultA_pCunPCC_11,LH_DefaultA_pCunPCC_11,399,MNI,L,cortex,DefaultA,-12,-50,30
400,LH_DefaultA_pCunPCC_12,LH_DefaultA_pCunPCC_12,400,MNI,L,cortex,DefaultA,-4,-64,32
401,LH_DefaultA_pCunPCC_13,LH_DefaultA_pCunPCC_13,401,MNI,L,cortex,DefaultA,-4,-34,36
402,LH_DefaultA_pCunPCC_14,LH_DefaultA_pCunPCC_14,402,MNI,L,cortex,DefaultA,-10,-42,34
403,LH_DefaultA_pCunPCC_15,LH_DefaultA_pCunPCC_15,403,MNI,L,cortex,DefaultA,-2,-14,36
404,LH_DefaultA_pCunPCC_16,LH_DefaultA_pCunPCC_16,404,MNI,L,cortex,DefaultA,-2,-26,38
405,LH_DefaultA_pCunPCC_17,LH_DefaultA_pCunPCC_17,405,MNI,L,cortex,DefaultA,-8,-54,34
406,LH_DefaultA_pCunPCC_18,LH_DefaultA_pCunPCC_18,406,MNI,L,cortex,DefaultA,-2,-70,36
407,LH_DefaultA_pCunPCC_19,LH_DefaultA_pCunPCC_19,407,MNI,L,cortex,DefaultA,-12,-48,38
408,LH_DefaultA_pCunPCC_20,LH_DefaultA_pCunPCC_20,408,MNI,L,cortex,DefaultA,-6,-62,38
409,LH_DefaultA_pCunPCC_21,LH_DefaultA_pCunPCC_21,409,MNI,L,cortex,DefaultA,-6,-54,42
410,LH_DefaultA_pCunPCC_22,LH_DefaultA_pCunPCC_22,410,MNI,L,cortex,DefaultA,-6,-48,44
411,LH_DefaultA_PFCm_1,LH_DefaultA_PFCm_1,411,MNI,L,cortex,DefaultA,-4,54,-10
412,LH_DefaultA_PFCm_2,LH_DefaultA_PFCm_2,412,MNI,L,cortex,DefaultA,-4,24,-6
413,LH_DefaultA_PFCm_3,LH_DefaultA_PFCm_3,413,MNI,L,cortex,DefaultA,-8,46,-4
414,LH_DefaultA_PFCm_4,LH_DefaultA_PFCm_4,414,MNI,L,cortex,DefaultA,-4,36,-4
415,LH_DefaultA_PFCm_5,LH_DefaultA_PFCm_5,415,MNI,L,cortex,DefaultA,-8,68,2
416,LH_DefaultA_PFCm_6,LH_DefaultA_PFCm_6,416,MNI,L,cortex,DefaultA,-6,60,8
417,LH_DefaultA_PFCm_7,LH_DefaultA_PFCm_7,417,MNI,L,cortex,DefaultA,-6,44,6
418,LH_DefaultA_PFCm_8,LH_DefaultA_PFCm_8,418,MNI,L,cortex,DefaultA,-20,66,10
419,LH_DefaultA_PFCm_9,LH_DefaultA_PFCm_9,419,MNI,L,cortex,DefaultA,-2,36,8
420,LH_DefaultA_PFCm_10,LH_DefaultA_PFCm_10,420,MNI,L,cortex,DefaultA,-8,68,16
421,LH_DefaultA_PFCm_11,LH_DefaultA_PFCm_11,421,MNI,L,cortex,DefaultA,-2,30,18
422,LH_DefaultA_PFCm_12,LH_DefaultA_PFCm_12,422,MNI,L,cortex,DefaultA,-8,36,20
423,LH_DefaultB_Temp_1,LH_DefaultB_Temp_1,423,MNI,L,cortex,DefaultB,-46,8,-36
424,LH_DefaultB_Temp_2,LH_DefaultB_Temp_2,424,MNI,L,cortex,DefaultB,-52,-6,-32
425,LH_DefaultB_Temp_3,LH_DefaultB_Temp_3,425,MNI,L,cortex,DefaultB,-60,-22,-26
426,LH_DefaultB_Temp_4,LH_DefaultB_Temp_4,426,MNI,L,cortex,DefaultB,-54,4,-26
427,LH_DefaultB_Temp_5,LH_DefaultB_Temp_5,427,MNI,L,cortex,DefaultB,-48,14,-24
428,LH_DefaultB_Temp_6,LH_DefaultB_Temp_6,428,MNI,L,cortex,DefaultB,-62,-16,-20
429,LH_DefaultB_Temp_7,LH_DefaultB_Temp_7,429,MNI,L,cortex,DefaultB,-60,-10,-14
430,LH_DefaultB_Temp_8,LH_DefaultB_Temp_8,430,MNI,L,cortex,DefaultB,-64,-24,-8
431,LH_DefaultB_Temp_9,LH_DefaultB_Temp_9,431,MNI,L,cortex,DefaultB,-66,-36,-6
432,LH_DefaultB_Temp_10,LH_DefaultB_Temp_10,432,MNI,L,cortex,DefaultB,-52,-22,-8
433,LH_DefaultB_Temp_11,LH_DefaultB_Temp_11,433,MNI,L,cortex,DefaultB,-58,-32,-4
434,LH_DefaultB_Temp_12,LH_DefaultB_Temp_12,434,MNI,L,cortex,DefaultB,-62,-42,0
435,LH_DefaultB_Temp_13,LH_DefaultB_Temp_13,435,MNI,L,cortex,DefaultB,-48,-34,-2
436,LH_DefaultB_IPL_1,LH_DefaultB_IPL_1,436,MNI,L,cortex,DefaultB,-48,-58,18
437,LH_DefaultB_IPL_2,LH_DefaultB_IPL_2,437,MNI,L,cortex,DefaultB,-46,-50,20
438,LH_DefaultB_IPL_3,LH_DefaultB_IPL_3,438,MNI,L,cortex,DefaultB,-44,-56,26
439,LH_DefaultB_IPL_4,LH_DefaultB_IPL_4,439,MNI,L,cortex,DefaultB,-52,-54,26
440,LH_DefaultB_IPL_5,LH_DefaultB_IPL_5,440,MNI,L,cortex,DefaultB,-62,-54,26
441,LH_DefaultB_IPL_6,LH_DefaultB_IPL_6,441,MNI,L,cortex,DefaultB,-46,-58,34
442,LH_DefaultB_IPL_7,LH_DefaultB_IPL_7,442,MNI,L,cortex,DefaultB,-54,-58,34
443,LH_DefaultB_IPL_8,LH_DefaultB_IPL_8,443,MNI,L,cortex,DefaultB,-60,-50,34
444,LH_DefaultB_IPL_9,LH_DefaultB_IPL_9,444,MNI,L,cortex,DefaultB,-54,-60,42
445,LH_DefaultB_PFCd_1,LH_DefaultB_PFCd_1,445,MNI,L,cortex,DefaultB,-24,58,20
446,LH_DefaultB_PFCd_2,LH_DefaultB_PFCd_2,446,MNI,L,cortex,DefaultB,-6,50,22
447,LH_DefaultB_PFCd_3,LH_DefaultB_PFCd_3,447,MNI,L,cortex,DefaultB,-16,60,26
448,LH_DefaultB_PFCd_4,LH_DefaultB_PFCd_4,448,MNI,L,cortex,DefaultB,-6,62,28
449,LH_DefaultB_PFCd_5,LH_DefaultB_PFCd_5,449,MNI,L,cortex,DefaultB,-4,48,38
450,LH_DefaultB_PFCd_6,LH_DefaultB_PFCd_6,450,MNI,L,cortex,DefaultB,-12,52,40
451,LH_DefaultB_PFCd_7,LH_DefaultB_PFCd_7,451,MNI,L,cortex,DefaultB,-2,34,48
452,LH_DefaultB_PFCd_8,LH_DefaultB_PFCd_8,452,MNI,L,cortex,DefaultB,-8,42,52
453,LH_DefaultB_PFCd_9,LH_DefaultB_PFCd_9,453,MNI,L,cortex,DefaultB,-6,24,60
454,LH_DefaultB_PFCd_10,LH_DefaultB_PFCd_10,454,MNI,L,cortex,DefaultB,-14,28,58
455,LH_DefaultB_PFCd_11,LH_DefaultB_PFCd_11,455,MNI,L,cortex,DefaultB,-4,12,64
456,LH_DefaultB_PFCd_12,LH_DefaultB_PFCd_12,456,MNI,L,cortex,DefaultB,-16,14,66
457,LH_DefaultB_PFCl_1,LH_DefaultB_PFCl_1,457,MNI,L,cortex,DefaultB,-42,6,48
458,LH_DefaultB_PFCl_2,LH_DefaultB_PFCl_2,458,MNI,L,cortex,DefaultB,-38,14,56
459,LH_DefaultB_PFCv_1,LH_DefaultB_PFCv_1,459,MNI,L,cortex,DefaultB,-28,16,-16
460,LH_DefaultB_PFCv_2,LH_DefaultB_PFCv_2,460,MNI,L,cortex,DefaultB,-36,36,-12
461,LH_DefaultB_PFCv_3,LH_DefaultB_PFCv_3,461,MNI,L,cortex,DefaultB,-38,24,-14
462,LH_DefaultB_PFCv_4,LH_DefaultB_PFCv_4,462,MNI,L,cortex,DefaultB,-46,30,-10
463,LH_DefaultB_PFCv_5,LH_DefaultB_PFCv_5,463,MNI,L,cortex,DefaultB,-50,40,-6
464,LH_DefaultB_PFCv_6,LH_DefaultB_PFCv_6,464,MNI,L,cortex,DefaultB,-44,28,-2
465,LH_DefaultB_PFCv_7,LH_DefaultB_PFCv_7,465,MNI,L,cortex,DefaultB,-52,28,2
466,LH_DefaultB_PFCv_8,LH_DefaultB_PFCv_8,466,MNI,L,cortex,DefaultB,-44,20,6
467,LH_DefaultB_PFCv_9,LH_DefaultB_PFCv_9,467,MNI,L,cortex,DefaultB,-54,18,12
468,LH_DefaultC_IPL_1,LH_DefaultC_IPL_1,468,MNI,L,cortex,DefaultC,-42,-72,22
469,LH_DefaultC_IPL_2,LH_DefaultC_IPL_2,469,MNI,L,cortex,DefaultC,-44,-78,28
470,LH_DefaultC_IPL_3,LH_DefaultC_IPL_3,470,MNI,L,cortex,DefaultC,-36,-84,34
471,LH_DefaultC_Rsp_1,LH_DefaultC_Rsp_1,471,MNI,L,cortex,DefaultC,-12,-46,2
472,LH_DefaultC_Rsp_2,LH_DefaultC_Rsp_2,472,MNI,L,cortex,DefaultC,-14,-50,4
473,LH_DefaultC_Rsp_3,LH_DefaultC_Rsp_3,473,MNI,L,cortex,DefaultC,-6,-46,8
474,LH_DefaultC_Rsp_4,LH_DefaultC_Rsp_4,474,MNI,L,cortex,DefaultC,-16,-58,8
475,LH_DefaultC_Rsp_5,LH_DefaultC_Rsp_5,475,MNI,L,cortex,DefaultC,-8,-54,8
476,LH_DefaultC_Rsp_6,LH_DefaultC_Rsp_6,476,MNI,L,cortex,DefaultC,-18,-60,16
477,LH_DefaultC_Rsp_7,LH_DefaultC_Rsp_7,477,MNI,L,cortex,DefaultC,-10,-58,16
478,LH_DefaultC_Rsp_8,LH_DefaultC_Rsp_8,478,MNI,L,cortex,DefaultC,-16,-64,22
479,LH_DefaultC_PHC_1,LH_DefaultC_PHC_1,479,MNI,L,cortex,DefaultC,-32,-24,-26
480,LH_DefaultC_PHC_2,LH_DefaultC_PHC_2,480,MNI,L,cortex,DefaultC,-30,-32,-18
481,LH_DefaultC_PHC_3,LH_DefaultC_PHC_3,481,MNI,L,cortex,DefaultC,-20,-24,-22
482,LH_DefaultC_PHC_4,LH_DefaultC_PHC_4,482,MNI,L,cortex,DefaultC,-32,-42,-10
483,LH_DefaultC_PHC_5,LH_DefaultC_PHC_5,483,MNI,L,cortex,DefaultC,-20,-36,-14
484,LH_DefaultC_PHC_6,LH_DefaultC_PHC_6,484,MNI,L,cortex,DefaultC,-16,-38,-10
485,LH_TempPar_1,LH_TempPar_1,485,MNI,L,cortex,TempPar,-52,6,-16
486,LH_TempPar_2,LH_TempPar_2,486,MNI,L,cortex,TempPar,-54,-4,-10
487,LH_TempPar_3,LH_TempPar_3,487,MNI,L,cortex,TempPar,-58,-14,-4
488,LH_TempPar_4,LH_TempPar_4,488,MNI,L,cortex,TempPar,-58,-24,0
489,LH_TempPar_5,LH_TempPar_5,489,MNI,L,cortex,TempPar,-54,-42,2
490,LH_TempPar_6,LH_TempPar_6,490,MNI,L,cortex,TempPar,-60,-50,6
491,LH_TempPar_7,LH_TempPar_7,491,MNI,L,cortex,TempPar,-54,-34,4
492,LH_TempPar_8,LH_TempPar_8,492,MNI,L,cortex,TempPar,-66,-30,6
493,LH_TempPar_9,LH_TempPar_9,493,MNI,L,cortex,TempPar,-50,-44,8
494,LH_TempPar_10,LH_TempPar_10,494,MNI,L,cortex,TempPar,-56,-58,14
495,LH_TempPar_11,LH_TempPar_11,495,MNI,L,cortex,TempPar,-62,-40,10
496,LH_TempPar_12,LH_TempPar_12,496,MNI,L,cortex,TempPar,-48,-50,12
497,LH_TempPar_13,LH_TempPar_13,497,MNI,L,cortex,TempPar,-54,-46,14
498,LH_TempPar_14,LH_TempPar_14,498,MNI,L,cortex,TempPar,-64,-46,14
499,LH_TempPar_15,LH_TempPar_15,499,MNI,L,cortex,TempPar,-60,-52,18
500,LH_TempPar_16,LH_TempPar_16,500,MNI,L,cortex,TempPar,-58,-44,22
501,RH_VisCent_Striate_1,RH_VisCent_Striate_1,501,MNI,R,cortex,VisCent,12,-96,-8
502,RH_VisCent_Striate_2,RH_VisCent_Striate_2,502,MNI,R,cortex,VisCent,8,-92,0
503,RH_VisCent_Striate_3,RH_VisCent_Striate_3,503,MNI,R,cortex,VisCent,14,-104,2
504,RH_VisCent_Striate_4,RH_VisCent_Striate_4,504,MNI,R,cortex,VisCent,10,-98,4
505,RH_VisCent_ExStr_1,RH_VisCent_ExStr_1,505,MNI,R,cortex,VisCent,36,-52,-18
506,RH_VisCent_ExStr_2,RH_VisCent_ExStr_2,506,MNI,R,cortex,VisCent,26,-48,-14
507,RH_VisCent_ExStr_3,RH_VisCent_ExStr_3,507,MNI,R,cortex,VisCent,46,-56,-18
508,RH_VisCent_ExStr_4,RH_VisCent_ExStr_4,508,MNI,R,cortex,VisCent,36,-66,-16
509,RH_VisCent_ExStr_5,RH_VisCent_ExStr_5,509,MNI,R,cortex,VisCent,26,-72,-10
510,RH_VisCent_ExStr_6,RH_VisCent_ExStr_6,510,MNI,R,cortex,VisCent,28,-60,-8
511,RH_VisCent_ExStr_7,RH_VisCent_ExStr_7,511,MNI,R,cortex,VisCent,38,-78,-16
512,RH_VisCent_ExStr_8,RH_VisCent_ExStr_8,512,MNI,R,cortex,VisCent,26,-82,-12
513,RH_VisCent_ExStr_9,RH_VisCent_ExStr_9,513,MNI,R,cortex,VisCent,20,-70,-10
514,RH_VisCent_ExStr_10,RH_VisCent_ExStr_10,514,MNI,R,cortex,VisCent,46,-78,-14
515,RH_VisCent_ExStr_11,RH_VisCent_ExStr_11,515,MNI,R,cortex,VisCent,20,-88,-12
516,RH_VisCent_ExStr_12,RH_VisCent_ExStr_12,516,MNI,R,cortex,VisCent,14,-80,-14
517,RH_VisCent_ExStr_13,RH_VisCent_ExStr_13,517,MNI,R,cortex,VisCent,34,-90,-16
518,RH_VisCent_ExStr_14,RH_VisCent_ExStr_14,518,MNI,R,cortex,VisCent,6,-90,-12
519,RH_VisCent_ExStr_15,RH_VisCent_ExStr_15,519,MNI,R,cortex,VisCent,48,-76,-8
520,RH_VisCent_ExStr_16,RH_VisCent_ExStr_16,520,MNI,R,cortex,VisCent,22,-98,-14
521,RH_VisCent_ExStr_17,RH_VisCent_ExStr_17,521,MNI,R,cortex,VisCent,4,-82,-4
522,RH_VisCent_ExStr_18,RH_VisCent_ExStr_18,522,MNI,R,cortex,VisCent,34,-94,-6
523,RH_VisCent_ExStr_19,RH_VisCent_ExStr_19,523,MNI,R,cortex,VisCent,46,-66,0
524,RH_VisCent_ExStr_20,RH_VisCent_ExStr_20,524,MNI,R,cortex,VisCent,42,-86,-4
525,RH_VisCent_ExStr_21,RH_VisCent_ExStr_21,525,MNI,R,cortex,VisCent,22,-100,-6
526,RH_VisCent_ExStr_22,RH_VisCent_ExStr_22,526,MNI,R,cortex,VisCent,52,-74,0
527,RH_VisCent_ExStr_23,RH_VisCent_ExStr_23,527,MNI,R,cortex,VisCent,26,-98,4
528,RH_VisCent_ExStr_24,RH_VisCent_ExStr_24,528,MNI,R,cortex,VisCent,34,-90,4
529,RH_VisCent_ExStr_25,RH_VisCent_ExStr_25,529,MNI,R,cortex,VisCent,44,-80,4
530,RH_VisCent_ExStr_26,RH_VisCent_ExStr_26,530,MNI,R,cortex,VisCent,14,-100,12
531,RH_VisCent_ExStr_27,RH_VisCent_ExStr_27,531,MNI,R,cortex,VisCent,26,-96,14
532,RH_VisCent_ExStr_28,RH_VisCent_ExStr_28,532,MNI,R,cortex,VisCent,6,-94,16
533,RH_VisCent_ExStr_29,RH_VisCent_ExStr_29,533,MNI,R,cortex,VisCent,38,-84,10
534,RH_VisCent_ExStr_30,RH_VisCent_ExStr_30,534,MNI,R,cortex,VisCent,14,-94,20
535,RH_VisCent_ExStr_31,RH_VisCent_ExStr_31,535,MNI,R,cortex,VisCent,30,-88,12
536,RH_VisCent_ExStr_32,RH_VisCent_ExStr_32,536,MNI,R,cortex,VisCent,26,-90,20
537,RH_VisCent_ExStr_33,RH_VisCent_ExStr_33,537,MNI,R,cortex,VisCent,34,-84,18
538,RH_VisCent_ExStr_34,RH_VisCent_ExStr_34,538,MNI,R,cortex,VisCent,28,-82,28
539,RH_VisCent_ExStr_35,RH_VisCent_ExStr_35,539,MNI,R,cortex,VisCent,24,-86,38
540,RH_VisPeri_StriCal_1,RH_VisPeri_StriCal_1,540,MNI,R,cortex,VisPeri,4,-72,6
541,RH_VisPeri_StriCal_2,RH_VisPeri_StriCal_2,541,MNI,R,cortex,VisPeri,12,-64,6
542,RH_VisPeri_StriCal_3,RH_VisPeri_StriCal_3,542,MNI,R,cortex,VisPeri,8,-82,6
543,RH_VisPeri_StriCal_4,RH_VisPeri_StriCal_4,543,MNI,R,cortex,VisPeri,24,-62,6
544,RH_VisPeri_StriCal_5,RH_VisPeri_StriCal_5,544,MNI,R,cortex,VisPeri,12,-72,10
545,RH_VisPeri_StriCal_6,RH_VisPeri_StriCal_6,545,MNI,R,cortex,VisPeri,4,-76,14
546,RH_VisPeri_ExStrInf_1,RH_VisPeri_ExStrInf_1,546,MNI,R,cortex,VisPeri,30,-46,-8
547,RH_VisPeri_ExStrInf_2,RH_VisPeri_ExStrInf_2,547,MNI,R,cortex,VisPeri,22,-44,-10
548,RH_VisPeri_ExStrInf_3,RH_VisPeri_ExStrInf_3,548,MNI,R,cortex,VisPeri,20,-60,-6
549,RH_VisPeri_ExStrInf_4,RH_VisPeri_ExStrInf_4,549,MNI,R,cortex,VisPeri,16,-36,-12
550,RH_VisPeri_ExStrInf_5,RH_VisPeri_ExStrInf_5,550,MNI,R,cortex,VisPeri,14,-50,-6
551,RH_VisPeri_ExStrInf_6,RH_VisPeri_ExStrInf_6,551,MNI,R,cortex,VisPeri,12,-62,-2
552,RH_VisPeri_ExStrInf_7,RH_VisPeri_ExStrInf_7,552,MNI,R,cortex,VisPeri,8,-72,-4
553,RH_VisPeri_ExStrInf_8,RH_VisPeri_ExStrInf_8,553,MNI,R,cortex,VisPeri,18,-44,-2
554,RH_VisPeri_ExStrInf_9,RH_VisPeri_ExStrInf_9,554,MNI,R,cortex,VisPeri,14,-56,2
555,RH_VisPeri_ExStrInf_10,RH_VisPeri_ExStrInf_10,555,MNI,R,cortex,VisPeri,4,-62,6
556,RH_VisPeri_ExStrInf_11,RH_VisPeri_ExStrInf_11,556,MNI,R,cortex,VisPeri,26,-52,4
557,RH_VisPeri_ExStrInf_12,RH_VisPeri_ExStrInf_12,557,MNI,R,cortex,VisPeri,20,-54,8
558,RH_VisPeri_ExStrSup_1,RH_VisPeri_ExStrSup_1,558,MNI,R,cortex,VisPeri,4,-86,10
559,RH_VisPeri_ExStrSup_2,RH_VisPeri_ExStrSup_2,559,MNI,R,cortex,VisPeri,22,-60,12
560,RH_VisPeri_ExStrSup_3,RH_VisPeri_ExStrSup_3,560,MNI,R,cortex,VisPeri,8,-66,18
561,RH_VisPeri_ExStrSup_4,RH_VisPeri_ExStrSup_4,561,MNI,R,cortex,VisPeri,6,-80,22
562,RH_VisPeri_ExStrSup_5,RH_VisPeri_ExStrSup_5,562,MNI,R,cortex,VisPeri,18,-64,18
563,RH_VisPeri_ExStrSup_6,RH_VisPeri_ExStrSup_6,563,MNI,R,cortex,VisPeri,8,-90,28
564,RH_VisPeri_ExStrSup_7,RH_VisPeri_ExStrSup_7,564,MNI,R,cortex,VisPeri,8,-74,28
565,RH_VisPeri_ExStrSup_8,RH_VisPeri_ExStrSup_8,565,MNI,R,cortex,VisPeri,18,-72,24
566,RH_VisPeri_ExStrSup_9,RH_VisPeri_ExStrSup_9,566,MNI,R,cortex,VisPeri,18,-88,28
567,RH_VisPeri_ExStrSup_10,RH_VisPeri_ExStrSup_10,567,MNI,R,cortex,VisPeri,10,-86,40
568,RH_VisPeri_ExStrSup_11,RH_VisPeri_ExStrSup_11,568,MNI,R,cortex,VisPeri,16,-80,36
569,RH_SomMotA_1,RH_SomMotA_1,569,MNI,R,cortex,SomMotA,52,-18,42
570,RH_SomMotA_2,RH_SomMotA_2,570,MNI,R,cortex,SomMotA,12,-16,42
571,RH_SomMotA_3,RH_SomMotA_3,571,MNI,R,cortex,SomMotA,50,-22,46
572,RH_SomMotA_4,RH_SomMotA_4,572,MNI,R,cortex,SomMotA,50,-14,50
573,RH_SomMotA_5,RH_SomMotA_5,573,MNI,R,cortex,SomMotA,54,-18,54
574,RH_SomMotA_6,RH_SomMotA_6,574,MNI,R,cortex,SomMotA,10,-10,48
575,RH_SomMotA_7,RH_SomMotA_7,575,MNI,R,cortex,SomMotA,40,-14,48
576,RH_SomMotA_8,RH_SomMotA_8,576,MNI,R,cortex,SomMotA,48,-28,56
577,RH_SomMotA_9,RH_SomMotA_9,577,MNI,R,cortex,SomMotA,40,-20,48
578,RH_SomMotA_10,RH_SomMotA_10,578,MNI,R,cortex,SomMotA,46,-20,60
579,RH_SomMotA_11,RH_SomMotA_11,579,MNI,R,cortex,SomMotA,44,-8,60
580,RH_SomMotA_12,RH_SomMotA_12,580,MNI,R,cortex,SomMotA,6,-16,52
581,RH_SomMotA_13,RH_SomMotA_13,581,MNI,R,cortex,SomMotA,8,-30,50
582,RH_SomMotA_14,RH_SomMotA_14,582,MNI,R,cortex,SomMotA,40,-18,56
583,RH_SomMotA_15,RH_SomMotA_15,583,MNI,R,cortex,SomMotA,30,-38,56
584,RH_SomMotA_16,RH_SomMotA_16,584,MNI,R,cortex,SomMotA,40,-34,60
585,RH_SomMotA_17,RH_SomMotA_17,585,MNI,R,cortex,SomMotA,38,-24,52
586,RH_SomMotA_18,RH_SomMotA_18,586,MNI,R,cortex,SomMotA,42,-28,66
587,RH_SomMotA_19,RH_SomMotA_19,587,MNI,R,cortex,SomMotA,6,-36,56
588,RH_SomMotA_20,RH_SomMotA_20,588,MNI,R,cortex,SomMotA,38,-16,66
589,RH_SomMotA_21,RH_SomMotA_21,589,MNI,R,cortex,SomMotA,32,-40,66
590,RH_SomMotA_22,RH_SomMotA_22,590,MNI,R,cortex,SomMotA,4,-24,58
591,RH_SomMotA_23,RH_SomMotA_23,591,MNI,R,cortex,SomMotA,32,-28,60
592,RH_SomMotA_24,RH_SomMotA_24,592,MNI,R,cortex,SomMotA,30,-34,66
593,RH_SomMotA_25,RH_SomMotA_25,593,MNI,R,cortex,SomMotA,30,-24,60
594,RH_SomMotA_26,RH_SomMotA_26,594,MNI,R,cortex,SomMotA,28,-12,66
595,RH_SomMotA_27,RH_SomMotA_27,595,MNI,R,cortex,SomMotA,8,-40,62
596,RH_SomMotA_28,RH_SomMotA_28,596,MNI,R,cortex,SomMotA,4,-10,66
597,RH_SomMotA_29,RH_SomMotA_29,597,MNI,R,cortex,SomMotA,28,-18,72
598,RH_SomMotA_30,RH_SomMotA_30,598,MNI,R,cortex,SomMotA,2,-34,64
599,RH_SomMotA_31,RH_SomMotA_31,599,MNI,R,cortex,SomMotA,24,-28,66
600,RH_SomMotA_32,RH_SomMotA_32,600,MNI,R,cortex,SomMotA,24,-42,66
601,RH_SomMotA_33,RH_SomMotA_33,601,MNI,R,cortex,SomMotA,18,-4,68
602,RH_SomMotA_34,RH_SomMotA_34,602,MNI,R,cortex,SomMotA,22,-34,70
603,RH_SomMotA_35,RH_SomMotA_35,603,MNI,R,cortex,SomMotA,14,-42,68
604,RH_SomMotA_36,RH_SomMotA_36,604,MNI,R,cortex,SomMotA,20,-24,66
605,RH_SomMotA_37,RH_SomMotA_37,605,MNI,R,cortex,SomMotA,20,-14,72
606,RH_SomMotA_38,RH_SomMotA_38,606,MNI,R,cortex,SomMotA,6,-40,70
607,RH_SomMotA_39,RH_SomMotA_39,607,MNI,R,cortex,SomMotA,14,-44,76
608,RH_SomMotA_40,RH_SomMotA_40,608,MNI,R,cortex,SomMotA,6,-20,74
609,RH_SomMotA_41,RH_SomMotA_41,609,MNI,R,cortex,SomMotA,12,-14,72
610,RH_SomMotA_42,RH_SomMotA_42,610,MNI,R,cortex,SomMotA,22,-38,74
611,RH_SomMotA_43,RH_SomMotA_43,611,MNI,R,cortex,SomMotA,16,-30,70
612,RH_SomMotA_44,RH_SomMotA_44,612,MNI,R,cortex,SomMotA,20,-30,76
613,RH_SomMotA_45,RH_SomMotA_45,613,MNI,R,cortex,SomMotA,4,-32,74
614,RH_SomMotA_46,RH_SomMotA_46,614,MNI,R,cortex,SomMotA,12,-38,78
615,RH_SomMotA_47,RH_SomMotA_47,615,MNI,R,cortex,SomMotA,14,-26,72
616,RH_SomMotA_48,RH_SomMotA_48,616,MNI,R,cortex,SomMotA,12,-32,76
617,RH_SomMotB_Cent_1,RH_SomMotB_Cent_1,617,MNI,R,cortex,SomMotB,62,2,22
618,RH_SomMotB_Cent_2,RH_SomMotB_Cent_2,618,MNI,R,cortex,SomMotB,64,-6,24
619,RH_SomMotB_Cent_3,RH_SomMotB_Cent_3,619,MNI,R,cortex,SomMotB,56,-4,24
620,RH_SomMotB_Cent_4,RH_SomMotB_Cent_4,620,MNI,R,cortex,SomMotB,58,0,34
621,RH_SomMotB_Cent_5,RH_SomMotB_Cent_5,621,MNI,R,cortex,SomMotB,62,-10,40
622,RH_SomMotB_Cent_6,RH_SomMotB_Cent_6,622,MNI,R,cortex,SomMotB,56,-8,34
623,RH_SomMotB_Cent_7,RH_SomMotB_Cent_7,623,MNI,R,cortex,SomMotB,50,-6,32
624,RH_SomMotB_Cent_8,RH_SomMotB_Cent_8,624,MNI,R,cortex,SomMotB,60,-12,46
625,RH_SomMotB_Cent_9,RH_SomMotB_Cent_9,625,MNI,R,cortex,SomMotB,56,-4,44
626,RH_SomMotB_Cent_10,RH_SomMotB_Cent_10,626,MNI,R,cortex,SomMotB,50,-14,40
627,RH_SomMotB_Cent_11,RH_SomMotB_Cent_11,627,MNI,R,cortex,SomMotB,44,-12,38
628,RH_SomMotB_Cent_12,RH_SomMotB_Cent_12,628,MNI,R,cortex,SomMotB,40,-16,42
629,RH_SomMotB_S2_1,RH_SomMotB_S2_1,629,MNI,R,cortex,SomMotB,40,-4,6
630,RH_SomMotB_S2_2,RH_SomMotB_S2_2,630,MNI,R,cortex,SomMotB,38,-10,12
631,RH_SomMotB_S2_3,RH_SomMotB_S2_3,631,MNI,R,cortex,SomMotB,36,-10,18
632,RH_SomMotB_S2_4,RH_SomMotB_S2_4,632,MNI,R,cortex,SomMotB,44,-2,14
633,RH_SomMotB_S2_5,RH_SomMotB_S2_5,633,MNI,R,cortex,SomMotB,34,-22,18
634,RH_SomMotB_S2_6,RH_SomMotB_S2_6,634,MNI,R,cortex,SomMotB,42,-12,18
635,RH_SomMotB_S2_7,RH_SomMotB_S2_7,635,MNI,R,cortex,SomMotB,38,-26,20
636,RH_SomMotB_S2_8,RH_SomMotB_S2_8,636,MNI,R,cortex,SomMotB,50,-8,12
637,RH_SomMotB_S2_9,RH_SomMotB_S2_9,637,MNI,R,cortex,SomMotB,48,-18,18
638,RH_SomMotB_S2_10,RH_SomMotB_S2_10,638,MNI,R,cortex,SomMotB,60,-2,10
639,RH_SomMotB_S2_11,RH_SomMotB_S2_11,639,MNI,R,cortex,SomMotB,44,-28,20
640,RH_SomMotB_S2_12,RH_SomMotB_S2_12,640,MNI,R,cortex,SomMotB,58,-12,14
641,RH_SomMotB_S2_13,RH_SomMotB_S2_13,641,MNI,R,cortex,SomMotB,52,-22,18
642,RH_SomMotB_S2_14,RH_SomMotB_S2_14,642,MNI,R,cortex,SomMotB,66,-8,14
643,RH_SomMotB_S2_15,RH_SomMotB_S2_15,643,MNI,R,cortex,SomMotB,64,-12,26
644,RH_SomMotB_Ins_1,RH_SomMotB_Ins_1,644,MNI,R,cortex,SomMotB,34,-18,12
645,RH_SomMotB_Aud_1,RH_SomMotB_Aud_1,645,MNI,R,cortex,SomMotB,46,6,-14
646,RH_SomMotB_Aud_2,RH_SomMotB_Aud_2,646,MNI,R,cortex,SomMotB,52,12,-10
647,RH_SomMotB_Aud_3,RH_SomMotB_Aud_3,647,MNI,R,cortex,SomMotB,54,2,-4
648,RH_SomMotB_Aud_4,RH_SomMotB_Aud_4,648,MNI,R,cortex,SomMotB,46,-10,-6
649,RH_SomMotB_Aud_5,RH_SomMotB_Aud_5,649,MNI,R,cortex,SomMotB,66,-8,-2
650,RH_SomMotB_Aud_6,RH_SomMotB_Aud_6,650,MNI,R,cortex,SomMotB,48,-12,0
651,RH_SomMotB_Aud_7,RH_SomMotB_Aud_7,651,MNI,R,cortex,SomMotB,54,-12,4
652,RH_SomMotB_Aud_8,RH_SomMotB_Aud_8,652,MNI,R,cortex,SomMotB,68,-16,4
653,RH_SomMotB_Aud_9,RH_SomMotB_Aud_9,653,MNI,R,cortex,SomMotB,42,-20,2
654,RH_SomMotB_Aud_10,RH_SomMotB_Aud_10,654,MNI,R,cortex,SomMotB,38,-22,10
655,RH_SomMotB_Aud_11,RH_SomMotB_Aud_11,655,MNI,R,cortex,SomMotB,60,-22,10
656,RH_SomMotB_Aud_12,RH_SomMotB_Aud_12,656,MNI,R,cortex,SomMotB,42,-28,12
657,RH_SomMotB_Aud_13,RH_SomMotB_Aud_13,657,MNI,R,cortex,SomMotB,64,-28,14
658,RH_SomMotB_Aud_14,RH_SomMotB_Aud_14,658,MNI,R,cortex,SomMotB,48,-32,16
659,RH_DorsAttnA_TempOcc_1,RH_DorsAttnA_TempOcc_1,659,MNI,R,cortex,DorsAttnA,48,-34,-22
660,RH_DorsAttnA_TempOcc_2,RH_DorsAttnA_TempOcc_2,660,MNI,R,cortex,DorsAttnA,32,-36,-22
661,RH_DorsAttnA_TempOcc_3,RH_DorsAttnA_TempOcc_3,661,MNI,R,cortex,DorsAttnA,46,-46,-20
662,RH_DorsAttnA_TempOcc_4,RH_DorsAttnA_TempOcc_4,662,MNI,R,cortex,DorsAttnA,52,-46,-18
663,RH_DorsAttnA_TempOcc_5,RH_DorsAttnA_TempOcc_5,663,MNI,R,cortex,DorsAttnA,50,-60,-12
664,RH_DorsAttnA_TempOcc_6,RH_DorsAttnA_TempOcc_6,664,MNI,R,cortex,DorsAttnA,50,-62,-6
665,RH_DorsAttnA_TempOcc_7,RH_DorsAttnA_TempOcc_7,665,MNI,R,cortex,DorsAttnA,56,-56,-4
666,RH_DorsAttnA_TempOcc_8,RH_DorsAttnA_TempOcc_8,666,MNI,R,cortex,DorsAttnA,50,-60,4
667,RH_DorsAttnA_ParOcc_1,RH_DorsAttnA_ParOcc_1,667,MNI,R,cortex,DorsAttnA,50,-66,8
668,RH_DorsAttnA_ParOcc_2,RH_DorsAttnA_ParOcc_2,668,MNI,R,cortex,DorsAttnA,52,-60,14
669,RH_DorsAttnA_ParOcc_3,RH_DorsAttnA_ParOcc_3,669,MNI,R,cortex,DorsAttnA,48,-72,12
670,RH_DorsAttnA_ParOcc_4,RH_DorsAttnA_ParOcc_4,670,MNI,R,cortex,DorsAttnA,48,-58,20
671,RH_DorsAttnA_ParOcc_5,RH_DorsAttnA_ParOcc_5,671,MNI,R,cortex,DorsAttnA,46,-68,18
672,RH_DorsAttnA_ParOcc_6,RH_DorsAttnA_ParOcc_6,672,MNI,R,cortex,DorsAttnA,44,-80,16
673,RH_DorsAttnA_ParOcc_7,RH_DorsAttnA_ParOcc_7,673,MNI,R,cortex,DorsAttnA,40,-84,26
674,RH_DorsAttnA_ParOcc_8,RH_DorsAttnA_ParOcc_8,674,MNI,R,cortex,DorsAttnA,34,-76,22
675,RH_DorsAttnA_ParOcc_9,RH_DorsAttnA_ParOcc_9,675,MNI,R,cortex,DorsAttnA,38,-78,32
676,RH_DorsAttnA_SPL_1,RH_DorsAttnA_SPL_1,676,MNI,R,cortex,DorsAttnA,30,-66,34
677,RH_DorsAttnA_SPL_2,RH_DorsAttnA_SPL_2,677,MNI,R,cortex,DorsAttnA,30,-76,40
678,RH_DorsAttnA_SPL_3,RH_DorsAttnA_SPL_3,678,MNI,R,cortex,DorsAttnA,22,-82,48
679,RH_DorsAttnA_SPL_4,RH_DorsAttnA_SPL_4,679,MNI,R,cortex,DorsAttnA,24,-74,52
680,RH_DorsAttnA_SPL_5,RH_DorsAttnA_SPL_5,680,MNI,R,cortex,DorsAttnA,24,-66,46
681,RH_DorsAttnA_SPL_6,RH_DorsAttnA_SPL_6,681,MNI,R,cortex,DorsAttnA,30,-64,52
682,RH_DorsAttnA_SPL_7,RH_DorsAttnA_SPL_7,682,MNI,R,cortex,DorsAttnA,14,-78,52
683,RH_DorsAttnA_SPL_8,RH_DorsAttnA_SPL_8,683,MNI,R,cortex,DorsAttnA,36,-46,52
684,RH_DorsAttnA_SPL_9,RH_DorsAttnA_SPL_9,684,MNI,R,cortex,DorsAttnA,32,-58,58
685,RH_DorsAttnA_SPL_10,RH_DorsAttnA_SPL_10,685,MNI,R,cortex,DorsAttnA,30,-50,52
686,RH_DorsAttnA_SPL_11,RH_DorsAttnA_SPL_11,686,MNI,R,cortex,DorsAttnA,18,-70,54
687,RH_DorsAttnA_SPL_12,RH_DorsAttnA_SPL_12,687,MNI,R,cortex,DorsAttnA,24,-66,56
688,RH_DorsAttnA_SPL_13,RH_DorsAttnA_SPL_13,688,MNI,R,cortex,DorsAttnA,10,-72,54
689,RH_DorsAttnA_SPL_14,RH_DorsAttnA_SPL_14,689,MNI,R,cortex,DorsAttnA,30,-54,62
690,RH_DorsAttnA_SPL_15,RH_DorsAttnA_SPL_15,690,MNI,R,cortex,DorsAttnA,24,-60,62
691,RH_DorsAttnA_SPL_16,RH_DorsAttnA_SPL_16,691,MNI,R,cortex,DorsAttnA,20,-66,64
692,RH_DorsAttnA_SPL_17,RH_DorsAttnA_SPL_17,692,MNI,R,cortex,DorsAttnA,10,-64,62
693,RH_DorsAttnB_TempOcc_1,RH_DorsAttnB_TempOcc_1,693,MNI,R,cortex,DorsAttnB,62,-54,2
694,RH_DorsAttnB_PostC_1,RH_DorsAttnB_PostC_1,694,MNI,R,cortex,DorsAttnB,60,-12,32
695,RH_DorsAttnB_PostC_2,RH_DorsAttnB_PostC_2,695,MNI,R,cortex,DorsAttnB,64,-22,40
696,RH_DorsAttnB_PostC_3,RH_DorsAttnB_PostC_3,696,MNI,R,cortex,DorsAttnB,58,-18,34
697,RH_DorsAttnB_PostC_4,RH_DorsAttnB_PostC_4,697,MNI,R,cortex,DorsAttnB,56,-16,38
698,RH_DorsAttnB_PostC_5,RH_DorsAttnB_PostC_5,698,MNI,R,cortex,DorsAttnB,56,-22,44
699,RH_DorsAttnB_PostC_6,RH_DorsAttnB_PostC_6,699,MNI,R,cortex,DorsAttnB,54,-28,52
700,RH_DorsAttnB_PostC_7,RH_DorsAttnB_PostC_7,700,MNI,R,cortex,DorsAttnB,48,-28,42
701,RH_DorsAttnB_PostC_8,RH_DorsAttnB_PostC_8,701,MNI,R,cortex,DorsAttnB,42,-38,56
702,RH_DorsAttnB_PostC_9,RH_DorsAttnB_PostC_9,702,MNI,R,cortex,DorsAttnB,40,-32,44
703,RH_DorsAttnB_PostC_10,RH_DorsAttnB_PostC_10,703,MNI,R,cortex,DorsAttnB,42,-28,44
704,RH_DorsAttnB_PostC_11,RH_DorsAttnB_PostC_11,704,MNI,R,cortex,DorsAttnB,34,-34,48
705,RH_DorsAttnB_PostC_12,RH_DorsAttnB_PostC_12,705,MNI,R,cortex,DorsAttnB,38,-40,58
706,RH_DorsAttnB_PostC_13,RH_DorsAttnB_PostC_13,706,MNI,R,cortex,DorsAttnB,38,-48,62
707,RH_DorsAttnB_PostC_14,RH_DorsAttnB_PostC_14,707,MNI,R,cortex,DorsAttnB,6,-54,60
708,RH_DorsAttnB_PostC_15,RH_DorsAttnB_PostC_15,708,MNI,R,cortex,DorsAttnB,30,-48,70
709,RH_DorsAttnB_PostC_16,RH_DorsAttnB_PostC_16,709,MNI,R,cortex,DorsAttnB,10,-46,64
710,RH_DorsAttnB_PostC_17,RH_DorsAttnB_PostC_17,710,MNI,R,cortex,DorsAttnB,22,-56,70
711,RH_DorsAttnB_PostC_18,RH_DorsAttnB_PostC_18,711,MNI,R,cortex,DorsAttnB,16,-56,68
712,RH_DorsAttnB_PostC_19,RH_DorsAttnB_PostC_19,712,MNI,R,cortex,DorsAttnB,8,-52,70
713,RH_DorsAttnB_PostC_20,RH_DorsAttnB_PostC_20,713,MNI,R,cortex,DorsAttnB,20,-48,70
714,RH_DorsAttnB_FEF_1,RH_DorsAttnB_FEF_1,714,MNI,R,cortex,DorsAttnB,42,-2,52
715,RH_DorsAttnB_FEF_2,RH_DorsAttnB_FEF_2,715,MNI,R,cortex,DorsAttnB,32,-2,52
716,RH_DorsAttnB_FEF_3,RH_DorsAttnB_FEF_3,716,MNI,R,cortex,DorsAttnB,26,4,52
717,RH_DorsAttnB_FEF_4,RH_DorsAttnB_FEF_4,717,MNI,R,cortex,DorsAttnB,34,-8,58
718,RH_DorsAttnB_FEF_5,RH_DorsAttnB_FEF_5,718,MNI,R,cortex,DorsAttnB,26,-8,52
719,RH_DorsAttnB_FEF_6,RH_DorsAttnB_FEF_6,719,MNI,R,cortex,DorsAttnB,24,-4,62
720,RH_DorsAttnB_PrCv_1,RH_DorsAttnB_PrCv_1,720,MNI,R,cortex,DorsAttnB,54,10,30
721,RH_SalVentAttnA_ParOper_1,RH_SalVentAttnA_ParOper_1,721,MNI,R,cortex,SalVentAttnA,64,-32,20
722,RH_SalVentAttnA_ParOper_2,RH_SalVentAttnA_ParOper_2,722,MNI,R,cortex,SalVentAttnA,54,-32,24
723,RH_SalVentAttnA_ParOper_3,RH_SalVentAttnA_ParOper_3,723,MNI,R,cortex,SalVentAttnA,64,-40,20
724,RH_SalVentAttnA_ParOper_4,RH_SalVentAttnA_ParOper_4,724,MNI,R,cortex,SalVentAttnA,50,-28,26
725,RH_SalVentAttnA_ParOper_5,RH_SalVentAttnA_ParOper_5,725,MNI,R,cortex,SalVentAttnA,64,-32,28
726,RH_SalVentAttnA_ParOper_6,RH_SalVentAttnA_ParOper_6,726,MNI,R,cortex,SalVentAttnA,60,-20,20
727,RH_SalVentAttnA_ParOper_7,RH_SalVentAttnA_ParOper_7,727,MNI,R,cortex,SalVentAttnA,56,-30,34
728,RH_SalVentAttnA_ParOper_8,RH_SalVentAttnA_ParOper_8,728,MNI,R,cortex,SalVentAttnA,60,-24,28
729,RH_SalVentAttnA_ParOper_9,RH_SalVentAttnA_ParOper_9,729,MNI,R,cortex,SalVentAttnA,62,-28,38
730,RH_SalVentAttnA_ParOper_10,RH_SalVentAttnA_ParOper_10,730,MNI,R,cortex,SalVentAttnA,64,-18,28
731,RH_SalVentAttnA_PrC_1,RH_SalVentAttnA_PrC_1,731,MNI,R,cortex,SalVentAttnA,50,-2,48
732,RH_SalVentAttnA_PrC_2,RH_SalVentAttnA_PrC_2,732,MNI,R,cortex,SalVentAttnA,48,-8,52
733,RH_SalVentAttnA_FrOper_1,RH_SalVentAttnA_FrOper_1,733,MNI,R,cortex,SalVentAttnA,38,12,10
734,RH_SalVentAttnA_FrOper_2,RH_SalVentAttnA_FrOper_2,734,MNI,R,cortex,SalVentAttnA,44,12,4
735,RH_SalVentAttnA_FrOper_3,RH_SalVentAttnA_FrOper_3,735,MNI,R,cortex,SalVentAttnA,40,2,14
736,RH_SalVentAttnA_FrOper_4,RH_SalVentAttnA_FrOper_4,736,MNI,R,cortex,SalVentAttnA,50,8,0
737,RH_SalVentAttnA_FrOper_5,RH_SalVentAttnA_FrOper_5,737,MNI,R,cortex,SalVentAttnA,48,0,6
738,RH_SalVentAttnA_FrOper_6,RH_SalVentAttnA_FrOper_6,738,MNI,R,cortex,SalVentAttnA,58,4,6
739,RH_SalVentAttnA_FrOper_7,RH_SalVentAttnA_FrOper_7,739,MNI,R,cortex,SalVentAttnA,56,8,12
740,RH_SalVentAttnA_FrOper_8,RH_SalVentAttnA_FrOper_8,740,MNI,R,cortex,SalVentAttnA,60,10,20
741,RH_SalVentAttnA_Ins_1,RH_SalVentAttnA_Ins_1,741,MNI,R,cortex,SalVentAttnA,38,8,-20
742,RH_SalVentAttnA_Ins_2,RH_SalVentAttnA_Ins_2,742,MNI,R,cortex,SalVentAttnA,38,10,-12
743,RH_SalVentAttnA_Ins_3,RH_SalVentAttnA_Ins_3,743,MNI,R,cortex,SalVentAttnA,40,0,-12
744,RH_SalVentAttnA_Ins_4,RH_SalVentAttnA_Ins_4,744,MNI,R,cortex,SalVentAttnA,40,10,-2
745,RH_SalVentAttnA_Ins_5,RH_SalVentAttnA_Ins_5,745,MNI,R,cortex,SalVentAttnA,40,-6,-6
746,RH_SalVentAttnA_Ins_6,RH_SalVentAttnA_Ins_6,746,MNI,R,cortex,SalVentAttnA,38,6,4
747,RH_SalVentAttnA_Ins_7,RH_SalVentAttnA_Ins_7,747,MNI,R,cortex,SalVentAttnA,40,-14,2
748,RH_SalVentAttnA_Ins_8,RH_SalVentAttnA_Ins_8,748,MNI,R,cortex,SalVentAttnA,34,20,10
749,RH_SalVentAttnA_Ins_9,RH_SalVentAttnA_Ins_9,749,MNI,R,cortex,SalVentAttnA,34,6,10
750,RH_SalVentAttnA_ParMed_1,RH_SalVentAttnA_ParMed_1,750,MNI,R,cortex,SalVentAttnA,8,-26,40
751,RH_SalVentAttnA_ParMed_2,RH_SalVentAttnA_ParMed_2,751,MNI,R,cortex,SalVentAttnA,8,-14,40
752,RH_SalVentAttnA_ParMed_3,RH_SalVentAttnA_ParMed_3,752,MNI,R,cortex,SalVentAttnA,10,-34,42
753,RH_SalVentAttnA_ParMed_4,RH_SalVentAttnA_ParMed_4,753,MNI,R,cortex,SalVentAttnA,14,-24,38
754,RH_SalVentAttnA_ParMed_5,RH_SalVentAttnA_ParMed_5,754,MNI,R,cortex,SalVentAttnA,12,-40,44
755,RH_SalVentAttnA_ParMed_6,RH_SalVentAttnA_ParMed_6,755,MNI,R,cortex,SalVentAttnA,16,-30,44
756,RH_SalVentAttnA_ParMed_7,RH_SalVentAttnA_ParMed_7,756,MNI,R,cortex,SalVentAttnA,12,-22,46
757,RH_SalVentAttnA_ParMed_8,RH_SalVentAttnA_ParMed_8,757,MNI,R,cortex,SalVentAttnA,8,-42,50
758,RH_SalVentAttnA_ParMed_9,RH_SalVentAttnA_ParMed_9,758,MNI,R,cortex,SalVentAttnA,14,-36,52
759,RH_SalVentAttnA_ParMed_10,RH_SalVentAttnA_ParMed_10,759,MNI,R,cortex,SalVentAttnA,6,-46,58
760,RH_SalVentAttnA_ParMed_11,RH_SalVentAttnA_ParMed_11,760,MNI,R,cortex,SalVentAttnA,14,-44,58
761,RH_SalVentAttnA_FrMed_1,RH_SalVentAttnA_FrMed_1,761,MNI,R,cortex,SalVentAttnA,4,10,34
762,RH_SalVentAttnA_FrMed_2,RH_SalVentAttnA_FrMed_2,762,MNI,R,cortex,SalVentAttnA,4,-6,36
763,RH_SalVentAttnA_FrMed_3,RH_SalVentAttnA_FrMed_3,763,MNI,R,cortex,SalVentAttnA,8,14,40
764,RH_SalVentAttnA_FrMed_4,RH_SalVentAttnA_FrMed_4,764,MNI,R,cortex,SalVentAttnA,6,-2,42
765,RH_SalVentAttnA_FrMed_5,RH_SalVentAttnA_FrMed_5,765,MNI,R,cortex,SalVentAttnA,10,2,46
766,RH_SalVentAttnA_FrMed_6,RH_SalVentAttnA_FrMed_6,766,MNI,R,cortex,SalVentAttnA,8,14,50
767,RH_SalVentAttnA_FrMed_7,RH_SalVentAttnA_FrMed_7,767,MNI,R,cortex,SalVentAttnA,6,0,54
768,RH_SalVentAttnA_FrMed_8,RH_SalVentAttnA_FrMed_8,768,MNI,R,cortex,SalVentAttnA,6,0,66
769,RH_SalVentAttnA_FrMed_9,RH_SalVentAttnA_FrMed_9,769,MNI,R,cortex,SalVentAttnA,16,6,70
770,RH_SalVentAttnA_FrMed_10,RH_SalVentAttnA_FrMed_10,770,MNI,R,cortex,SalVentAttnA,12,-4,72
771,RH_SalVentAttnB_IPL_1,RH_SalVentAttnB_IPL_1,771,MNI,R,cortex,SalVentAttnB,54,-42,28
772,RH_SalVentAttnB_IPL_2,RH_SalVentAttnB_IPL_2,772,MNI,R,cortex,SalVentAttnB,64,-40,28
773,RH_SalVentAttnB_IPL_3,RH_SalVentAttnB_IPL_3,773,MNI,R,cortex,SalVentAttnB,64,-34,40
774,RH_SalVentAttnB_IPL_4,RH_SalVentAttnB_IPL_4,774,MNI,R,cortex,SalVentAttnB,58,-38,38
775,RH_SalVentAttnB_PFCl_1,RH_SalVentAttnB_PFCl_1,775,MNI,R,cortex,SalVentAttnB,42,48,18
776,RH_SalVentAttnB_PFCl_2,RH_SalVentAttnB_PFCl_2,776,MNI,R,cortex,SalVentAttnB,32,48,20
777,RH_SalVentAttnB_PFCl_3,RH_SalVentAttnB_PFCl_3,777,MNI,R,cortex,SalVentAttnB,24,56,26
778,RH_SalVentAttnB_PFCl_4,RH_SalVentAttnB_PFCl_4,778,MNI,R,cortex,SalVentAttnB,38,42,30
779,RH_SalVentAttnB_PFCl_5,RH_SalVentAttnB_PFCl_5,779,MNI,R,cortex,SalVentAttnB,28,44,32
780,RH_SalVentAttnB_PFCl_6,RH_SalVentAttnB_PFCl_6,780,MNI,R,cortex,SalVentAttnB,36,36,40
781,RH_SalVentAttnB_PFClv_1,RH_SalVentAttnB_PFClv_1,781,MNI,R,cortex,SalVentAttnB,50,40,4
782,RH_SalVentAttnB_PFClv_2,RH_SalVentAttnB_PFClv_2,782,MNI,R,cortex,SalVentAttnB,40,50,6
783,RH_SalVentAttnB_Ins_1,RH_SalVentAttnB_Ins_1,783,MNI,R,cortex,SalVentAttnB,32,20,-12
784,RH_SalVentAttnB_Ins_2,RH_SalVentAttnB_Ins_2,784,MNI,R,cortex,SalVentAttnB,34,20,-6
785,RH_SalVentAttnB_Ins_3,RH_SalVentAttnB_Ins_3,785,MNI,R,cortex,SalVentAttnB,34,26,-8
786,RH_SalVentAttnB_Ins_4,RH_SalVentAttnB_Ins_4,786,MNI,R,cortex,SalVentAttnB,42,26,-6
787,RH_SalVentAttnB_Ins_5,RH_SalVentAttnB_Ins_5,787,MNI,R,cortex,SalVentAttnB,34,24,2
788,RH_SalVentAttnB_Ins_6,RH_SalVentAttnB_Ins_6,788,MNI,R,cortex,SalVentAttnB,38,30,2
789,RH_SalVentAttnB_Ins_7,RH_SalVentAttnB_Ins_7,789,MNI,R,cortex,SalVentAttnB,42,24,6
790,RH_SalVentAttnB_Ins_8,RH_SalVentAttnB_Ins_8,790,MNI,R,cortex,SalVentAttnB,48,20,2
791,RH_SalVentAttnB_Ins_9,RH_SalVentAttnB_Ins_9,791,MNI,R,cortex,SalVentAttnB,52,14,8
792,RH_SalVentAttnB_PFCmp_1,RH_SalVentAttnB_PFCmp_1,792,MNI,R,cortex,SalVentAttnB,8,36,20
793,RH_SalVentAttnB_PFCmp_2,RH_SalVentAttnB_PFCmp_2,793,MNI,R,cortex,SalVentAttnB,4,24,26
794,RH_SalVentAttnB_PFCmp_3,RH_SalVentAttnB_PFCmp_3,794,MNI,R,cortex,SalVentAttnB,10,28,28
795,RH_SalVentAttnB_PFCmp_4,RH_SalVentAttnB_PFCmp_4,795,MNI,R,cortex,SalVentAttnB,8,24,38
796,RH_SalVentAttnB_PFCmp_5,RH_SalVentAttnB_PFCmp_5,796,MNI,R,cortex,SalVentAttnB,4,10,60
797,RH_SalVentAttnB_Cinga_1,RH_SalVentAttnB_Cinga_1,797,MNI,R,cortex,SalVentAttnB,6,20,22
798,RH_LimbicB_OFC_1,RH_LimbicB_OFC_1,798,MNI,R,cortex,LimbicB,20,14,-22
799,RH_LimbicB_OFC_2,RH_LimbicB_OFC_2,799,MNI,R,cortex,LimbicB,14,16,-16
800,RH_LimbicB_OFC_3,RH_LimbicB_OFC_3,800,MNI,R,cortex,LimbicB,16,26,-24
801,RH_LimbicB_OFC_4,RH_LimbicB_OFC_4,801,MNI,R,cortex,LimbicB,10,28,-20
802,RH_LimbicB_OFC_5,RH_LimbicB_OFC_5,802,MNI,R,cortex,LimbicB,10,40,-24
803,RH_LimbicB_OFC_6,RH_LimbicB_OFC_6,803,MNI,R,cortex,LimbicB,24,28,-18
804,RH_LimbicB_OFC_7,RH_LimbicB_OFC_7,804,MNI,R,cortex,LimbicB,28,18,-20
805,RH_LimbicB_OFC_8,RH_LimbicB_OFC_8,805,MNI,R,cortex,LimbicB,16,48,-20
806,RH_LimbicB_OFC_9,RH_LimbicB_OFC_9,806,MNI,R,cortex,LimbicB,24,40,-16
807,RH_LimbicB_OFC_10,RH_LimbicB_OFC_10,807,MNI,R,cortex,LimbicB,4,20,-20
808,RH_LimbicB_OFC_11,RH_LimbicB_OFC_11,808,MNI,R,cortex,LimbicB,4,40,-26
809,RH_LimbicB_OFC_12,RH_LimbicB_OFC_12,809,MNI,R,cortex,LimbicB,6,54,-22
810,RH_LimbicB_OFC_13,RH_LimbicB_OFC_13,810,MNI,R,cortex,LimbicB,14,60,-18
811,RH_LimbicB_OFC_14,RH_LimbicB_OFC_14,811,MNI,R,cortex,LimbicB,4,26,-12
812,RH_LimbicB_OFC_15,RH_LimbicB_OFC_15,812,MNI,R,cortex,LimbicB,6,64,-12
813,RH_LimbicB_OFC_16,RH_LimbicB_OFC_16,813,MNI,R,cortex,LimbicB,22,62,-10
814,RH_LimbicA_TempPole_1,RH_LimbicA_TempPole_1,814,MNI,R,cortex,LimbicA,28,2,-44
815,RH_LimbicA_TempPole_2,RH_LimbicA_TempPole_2,815,MNI,R,cortex,LimbicA,34,10,-40
816,RH_LimbicA_TempPole_3,RH_LimbicA_TempPole_3,816,MNI,R,cortex,LimbicA,48,-6,-40
817,RH_LimbicA_TempPole_4,RH_LimbicA_TempPole_4,817,MNI,R,cortex,LimbicA,40,-10,-34
818,RH_LimbicA_TempPole_5,RH_LimbicA_TempPole_5,818,MNI,R,cortex,LimbicA,32,-10,-36
819,RH_LimbicA_TempPole_6,RH_LimbicA_TempPole_6,819,MNI,R,cortex,LimbicA,20,0,-32
820,RH_LimbicA_TempPole_7,RH_LimbicA_TempPole_7,820,MNI,R,cortex,LimbicA,24,8,-32
821,RH_LimbicA_TempPole_8,RH_LimbicA_TempPole_8,821,MNI,R,cortex,LimbicA,50,-20,-30
822,RH_LimbicA_TempPole_9,RH_LimbicA_TempPole_9,822,MNI,R,cortex,LimbicA,42,-20,-26
823,RH_LimbicA_TempPole_10,RH_LimbicA_TempPole_10,823,MNI,R,cortex,LimbicA,38,20,-32
824,RH_LimbicA_TempPole_11,RH_LimbicA_TempPole_11,824,MNI,R,cortex,LimbicA,60,-20,-30
825,RH_LimbicA_TempPole_12,RH_LimbicA_TempPole_12,825,MNI,R,cortex,LimbicA,22,-12,-30
826,RH_LimbicA_TempPole_13,RH_LimbicA_TempPole_13,826,MNI,R,cortex,LimbicA,44,-30,-22
827,RH_LimbicA_TempPole_14,RH_LimbicA_TempPole_14,827,MNI,R,cortex,LimbicA,32,10,-28
828,RH_LimbicA_TempPole_15,RH_LimbicA_TempPole_15,828,MNI,R,cortex,LimbicA,42,12,-22
829,RH_ContA_Temp_1,RH_ContA_Temp_1,829,MNI,R,cortex,ContA,58,-54,-16
830,RH_ContA_Temp_2,RH_ContA_Temp_2,830,MNI,R,cortex,ContA,66,-46,-2
831,RH_ContA_IPS_1,RH_ContA_IPS_1,831,MNI,R,cortex,ContA,36,-72,40
832,RH_ContA_IPS_2,RH_ContA_IPS_2,832,MNI,R,cortex,ContA,60,-32,50
833,RH_ContA_IPS_3,RH_ContA_IPS_3,833,MNI,R,cortex,ContA,54,-34,50
834,RH_ContA_IPS_4,RH_ContA_IPS_4,834,MNI,R,cortex,ContA,48,-40,46
835,RH_ContA_IPS_5,RH_ContA_IPS_5,835,MNI,R,cortex,ContA,38,-68,50
836,RH_ContA_IPS_6,RH_ContA_IPS_6,836,MNI,R,cortex,ContA,32,-68,48
837,RH_ContA_IPS_7,RH_ContA_IPS_7,837,MNI,R,cortex,ContA,48,-36,56
838,RH_ContA_IPS_8,RH_ContA_IPS_8,838,MNI,R,cortex,ContA,44,-48,46
839,RH_ContA_IPS_9,RH_ContA_IPS_9,839,MNI,R,cortex,ContA,44,-40,44
840,RH_ContA_IPS_10,RH_ContA_IPS_10,840,MNI,R,cortex,ContA,38,-42,44
841,RH_ContA_IPS_11,RH_ContA_IPS_11,841,MNI,R,cortex,ContA,36,-52,42
842,RH_ContA_IPS_12,RH_ContA_IPS_12,842,MNI,R,cortex,ContA,36,-58,50
843,RH_ContA_PFCd_1,RH_ContA_PFCd_1,843,MNI,R,cortex,ContA,24,8,62
844,RH_ContA_PFCl_1,RH_ContA_PFCl_1,844,MNI,R,cortex,ContA,54,30,14
845,RH_ContA_PFCl_2,RH_ContA_PFCl_2,845,MNI,R,cortex,ContA,42,38,12
846,RH_ContA_PFCl_3,RH_ContA_PFCl_3,846,MNI,R,cortex,ContA,54,18,20
847,RH_ContA_PFCl_4,RH_ContA_PFCl_4,847,MNI,R,cortex,ContA,50,12,22
848,RH_ContA_PFCl_5,RH_ContA_PFCl_5,848,MNI,R,cortex,ContA,46,28,22
849,RH_ContA_PFCl_6,RH_ContA_PFCl_6,849,MNI,R,cortex,ContA,44,18,24
850,RH_ContA_PFCl_7,RH_ContA_PFCl_7,850,MNI,R,cortex,ContA,46,36,26
851,RH_ContA_PFCl_8,RH_ContA_PFCl_8,851,MNI,R,cortex,ContA,44,8,26
852,RH_ContA_PFCl_9,RH_ContA_PFCl_9,852,MNI,R,cortex,ContA,42,18,30
853,RH_ContA_PFCl_10,RH_ContA_PFCl_10,853,MNI,R,cortex,ContA,36,8,34
854,RH_ContA_PFCl_11,RH_ContA_PFCl_11,854,MNI,R,cortex,ContA,50,4,40
855,RH_ContA_Cingm_1,RH_ContA_Cingm_1,855,MNI,R,cortex,ContA,6,8,28
856,RH_ContA_Cingm_2,RH_ContA_Cingm_2,856,MNI,R,cortex,ContA,6,0,30
857,RH_ContB_Temp_1,RH_ContB_Temp_1,857,MNI,R,cortex,ContB,60,-28,-24
858,RH_ContB_Temp_2,RH_ContB_Temp_2,858,MNI,R,cortex,ContB,64,-24,-16
859,RH_ContB_Temp_3,RH_ContB_Temp_3,859,MNI,R,cortex,ContB,60,-38,-18
860,RH_ContB_Temp_4,RH_ContB_Temp_4,860,MNI,R,cortex,ContB,68,-30,-12
861,RH_ContB_Temp_5,RH_ContB_Temp_5,861,MNI,R,cortex,ContB,64,-40,-10
862,RH_ContB_IPL_1,RH_ContB_IPL_1,862,MNI,R,cortex,ContB,54,-46,32
863,RH_ContB_IPL_2,RH_ContB_IPL_2,863,MNI,R,cortex,ContB,60,-46,32
864,RH_ContB_IPL_3,RH_ContB_IPL_3,864,MNI,R,cortex,ContB,58,-46,40
865,RH_ContB_IPL_4,RH_ContB_IPL_4,865,MNI,R,cortex,ContB,40,-76,42
866,RH_ContB_IPL_5,RH_ContB_IPL_5,866,MNI,R,cortex,ContB,52,-58,44
867,RH_ContB_IPL_6,RH_ContB_IPL_6,867,MNI,R,cortex,ContB,56,-50,46
868,RH_ContB_IPL_7,RH_ContB_IPL_7,868,MNI,R,cortex,ContB,56,-42,48
869,RH_ContB_IPL_8,RH_ContB_IPL_8,869,MNI,R,cortex,ContB,44,-68,48
870,RH_ContB_IPL_9,RH_ContB_IPL_9,870,MNI,R,cortex,ContB,48,-58,54
871,RH_ContB_IPL_10,RH_ContB_IPL_10,871,MNI,R,cortex,ContB,50,-44,50
872,RH_ContB_IPL_11,RH_ContB_IPL_11,872,MNI,R,cortex,ContB,48,-50,54
873,RH_ContB_IPL_12,RH_ContB_IPL_12,873,MNI,R,cortex,ContB,42,-58,50
874,RH_ContB_PFCld_1,RH_ContB_PFCld_1,874,MNI,R,cortex,ContB,50,24,32
875,RH_ContB_PFCld_2,RH_ContB_PFCld_2,875,MNI,R,cortex,ContB,44,30,36
876,RH_ContB_PFCld_3,RH_ContB_PFCld_3,876,MNI,R,cortex,ContB,48,16,40
877,RH_ContB_PFCld_4,RH_ContB_PFCld_4,877,MNI,R,cortex,ContB,40,10,46
878,RH_ContB_PFCld_5,RH_ContB_PFCld_5,878,MNI,R,cortex,ContB,42,24,48
879,RH_ContB_PFCld_6,RH_ContB_PFCld_6,879,MNI,R,cortex,ContB,32,30,46
880,RH_ContB_PFCld_7,RH_ContB_PFCld_7,880,MNI,R,cortex,ContB,44,6,50
881,RH_ContB_PFCld_8,RH_ContB_PFCld_8,881,MNI,R,cortex,ContB,38,10,58
882,RH_ContB_PFCld_9,RH_ContB_PFCld_9,882,MNI,R,cortex,ContB,30,16,54
883,RH_ContB_PFCld_10,RH_ContB_PFCld_10,883,MNI,R,cortex,ContB,24,16,46
884,RH_ContB_PFCld_11,RH_ContB_PFCld_11,884,MNI,R,cortex,ContB,20,18,62
885,RH_ContB_PFClv_1,RH_ContB_PFClv_1,885,MNI,R,cortex,ContB,36,38,-12
886,RH_ContB_PFClv_2,RH_ContB_PFClv_2,886,MNI,R,cortex,ContB,28,52,-14
887,RH_ContB_PFClv_3,RH_ContB_PFClv_3,887,MNI,R,cortex,ContB,40,52,-12
888,RH_ContB_PFClv_4,RH_ContB_PFClv_4,888,MNI,R,cortex,ContB,32,58,-2
889,RH_ContB_PFClv_5,RH_ContB_PFClv_5,889,MNI,R,cortex,ContB,44,50,-4
890,RH_ContB_PFClv_6,RH_ContB_PFClv_6,890,MNI,R,cortex,ContB,24,62,2
891,RH_ContB_PFClv_7,RH_ContB_PFClv_7,891,MNI,R,cortex,ContB,32,56,10
892,RH_ContB_PFClv_8,RH_ContB_PFClv_8,892,MNI,R,cortex,ContB,26,60,14
893,RH_ContB_PFCmp_1,RH_ContB_PFCmp_1,893,MNI,R,cortex,ContB,6,36,32
894,RH_ContB_PFCmp_2,RH_ContB_PFCmp_2,894,MNI,R,cortex,ContB,4,38,48
895,RH_ContB_PFCmp_3,RH_ContB_PFCmp_3,895,MNI,R,cortex,ContB,6,26,48
896,RH_ContC_pCun_1,RH_ContC_pCun_1,896,MNI,R,cortex,ContC,18,-64,26
897,RH_ContC_pCun_2,RH_ContC_pCun_2,897,MNI,R,cortex,ContC,14,-68,36
898,RH_ContC_pCun_3,RH_ContC_pCun_3,898,MNI,R,cortex,ContC,6,-38,40
899,RH_ContC_pCun_4,RH_ContC_pCun_4,899,MNI,R,cortex,ContC,14,-76,44
900,RH_ContC_pCun_5,RH_ContC_pCun_5,900,MNI,R,cortex,ContC,8,-44,40
901,RH_ContC_pCun_6,RH_ContC_pCun_6,901,MNI,R,cortex,ContC,8,-50,44
902,RH_ContC_pCun_7,RH_ContC_pCun_7,902,MNI,R,cortex,ContC,6,-74,46
903,RH_ContC_pCun_8,RH_ContC_pCun_8,903,MNI,R,cortex,ContC,6,-62,44
904,RH_ContC_pCun_9,RH_ContC_pCun_9,904,MNI,R,cortex,ContC,6,-52,50
905,RH_ContC_pCun_10,RH_ContC_pCun_10,905,MNI,R,cortex,ContC,4,-66,52
906,RH_ContC_pCun_11,RH_ContC_pCun_11,906,MNI,R,cortex,ContC,8,-56,54
907,RH_ContC_Cingp_1,RH_ContC_Cingp_1,907,MNI,R,cortex,ContC,8,-42,22
908,RH_ContC_Cingp_2,RH_ContC_Cingp_2,908,MNI,R,cortex,ContC,6,-22,26
909,RH_ContC_Cingp_3,RH_ContC_Cingp_3,909,MNI,R,cortex,ContC,6,-32,26
910,RH_ContC_Cingp_4,RH_ContC_Cingp_4,910,MNI,R,cortex,ContC,6,-16,30
911,RH_DefaultA_Temp_1,RH_DefaultA_Temp_1,911,MNI,R,cortex,DefaultA,58,-4,-18
912,RH_DefaultA_Temp_2,RH_DefaultA_Temp_2,912,MNI,R,cortex,DefaultA,66,-12,-12
913,RH_DefaultA_IPL_1,RH_DefaultA_IPL_1,913,MNI,R,cortex,DefaultA,50,-50,18
914,RH_DefaultA_IPL_2,RH_DefaultA_IPL_2,914,MNI,R,cortex,DefaultA,56,-46,22
915,RH_DefaultA_IPL_3,RH_DefaultA_IPL_3,915,MNI,R,cortex,DefaultA,46,-54,28
916,RH_DefaultA_IPL_4,RH_DefaultA_IPL_4,916,MNI,R,cortex,DefaultA,58,-52,24
917,RH_DefaultA_IPL_5,RH_DefaultA_IPL_5,917,MNI,R,cortex,DefaultA,48,-60,34
918,RH_DefaultA_IPL_6,RH_DefaultA_IPL_6,918,MNI,R,cortex,DefaultA,48,-68,36
919,RH_DefaultA_IPL_7,RH_DefaultA_IPL_7,919,MNI,R,cortex,DefaultA,56,-54,34
920,RH_DefaultA_IPL_8,RH_DefaultA_IPL_8,920,MNI,R,cortex,DefaultA,48,-62,42
921,RH_DefaultA_PFCd_1,RH_DefaultA_PFCd_1,921,MNI,R,cortex,DefaultA,20,46,36
922,RH_DefaultA_PFCd_2,RH_DefaultA_PFCd_2,922,MNI,R,cortex,DefaultA,26,34,34
923,RH_DefaultA_PFCd_3,RH_DefaultA_PFCd_3,923,MNI,R,cortex,DefaultA,22,40,46
924,RH_DefaultA_PFCd_4,RH_DefaultA_PFCd_4,924,MNI,R,cortex,DefaultA,26,28,42
925,RH_DefaultA_PFCd_5,RH_DefaultA_PFCd_5,925,MNI,R,cortex,DefaultA,24,26,54
926,RH_DefaultA_pCunPCC_1,RH_DefaultA_pCunPCC_1,926,MNI,R,cortex,DefaultA,6,-46,14
927,RH_DefaultA_pCunPCC_2,RH_DefaultA_pCunPCC_2,927,MNI,R,cortex,DefaultA,6,-52,20
928,RH_DefaultA_pCunPCC_3,RH_DefaultA_pCunPCC_3,928,MNI,R,cortex,DefaultA,4,-62,22
929,RH_DefaultA_pCunPCC_4,RH_DefaultA_pCunPCC_4,929,MNI,R,cortex,DefaultA,4,-46,28
930,RH_DefaultA_pCunPCC_5,RH_DefaultA_pCunPCC_5,930,MNI,R,cortex,DefaultA,6,-66,28
931,RH_DefaultA_pCunPCC_6,RH_DefaultA_pCunPCC_6,931,MNI,R,cortex,DefaultA,8,-54,28
932,RH_DefaultA_pCunPCC_7,RH_DefaultA_pCunPCC_7,932,MNI,R,cortex,DefaultA,6,-38,32
933,RH_DefaultA_pCunPCC_8,RH_DefaultA_pCunPCC_8,933,MNI,R,cortex,DefaultA,4,-30,36
934,RH_DefaultA_pCunPCC_9,RH_DefaultA_pCunPCC_9,934,MNI,R,cortex,DefaultA,12,-44,34
935,RH_DefaultA_pCunPCC_10,RH_DefaultA_pCunPCC_10,935,MNI,R,cortex,DefaultA,4,-16,38
936,RH_DefaultA_pCunPCC_11,RH_DefaultA_pCunPCC_11,936,MNI,R,cortex,DefaultA,4,-66,36
937,RH_DefaultA_pCunPCC_12,RH_DefaultA_pCunPCC_12,937,MNI,R,cortex,DefaultA,10,-54,36
938,RH_DefaultA_PFCm_1,RH_DefaultA_PFCm_1,938,MNI,R,cortex,DefaultA,6,46,-12
939,RH_DefaultA_PFCm_2,RH_DefaultA_PFCm_2,939,MNI,R,cortex,DefaultA,6,34,-6
940,RH_DefaultA_PFCm_3,RH_DefaultA_PFCm_3,940,MNI,R,cortex,DefaultA,8,52,-4
941,RH_DefaultA_PFCm_4,RH_DefaultA_PFCm_4,941,MNI,R,cortex,DefaultA,8,68,0
942,RH_DefaultA_PFCm_5,RH_DefaultA_PFCm_5,942,MNI,R,cortex,DefaultA,10,46,0
943,RH_DefaultA_PFCm_6,RH_DefaultA_PFCm_6,943,MNI,R,cortex,DefaultA,18,68,10
944,RH_DefaultA_PFCm_7,RH_DefaultA_PFCm_7,944,MNI,R,cortex,DefaultA,8,42,6
945,RH_DefaultA_PFCm_8,RH_DefaultA_PFCm_8,945,MNI,R,cortex,DefaultA,8,58,10
946,RH_DefaultA_PFCm_9,RH_DefaultA_PFCm_9,946,MNI,R,cortex,DefaultA,6,30,14
947,RH_DefaultA_PFCm_10,RH_DefaultA_PFCm_10,947,MNI,R,cortex,DefaultA,8,46,22
948,RH_DefaultB_Temp_1,RH_DefaultB_Temp_1,948,MNI,R,cortex,DefaultB,64,-22,-8
949,RH_DefaultB_Temp_2,RH_DefaultB_Temp_2,949,MNI,R,cortex,DefaultB,54,-26,-6
950,RH_DefaultB_Temp_3,RH_DefaultB_Temp_3,950,MNI,R,cortex,DefaultB,64,-34,-2
951,RH_DefaultB_AntTemp_1,RH_DefaultB_AntTemp_1,951,MNI,R,cortex,DefaultB,48,10,-36
952,RH_DefaultB_AntTemp_2,RH_DefaultB_AntTemp_2,952,MNI,R,cortex,DefaultB,50,0,-32
953,RH_DefaultB_AntTemp_3,RH_DefaultB_AntTemp_3,953,MNI,R,cortex,DefaultB,60,-8,-24
954,RH_DefaultB_AntTemp_4,RH_DefaultB_AntTemp_4,954,MNI,R,cortex,DefaultB,52,8,-26
955,RH_DefaultB_PFCd_1,RH_DefaultB_PFCd_1,955,MNI,R,cortex,DefaultB,16,64,20
956,RH_DefaultB_PFCd_2,RH_DefaultB_PFCd_2,956,MNI,R,cortex,DefaultB,6,58,28
957,RH_DefaultB_PFCd_3,RH_DefaultB_PFCd_3,957,MNI,R,cortex,DefaultB,16,54,36
958,RH_DefaultB_PFCd_4,RH_DefaultB_PFCd_4,958,MNI,R,cortex,DefaultB,4,46,36
959,RH_DefaultB_PFCd_5,RH_DefaultB_PFCd_5,959,MNI,R,cortex,DefaultB,10,48,48
960,RH_DefaultB_PFCd_6,RH_DefaultB_PFCd_6,960,MNI,R,cortex,DefaultB,14,34,56
961,RH_DefaultB_PFCd_7,RH_DefaultB_PFCd_7,961,MNI,R,cortex,DefaultB,6,24,60
962,RH_DefaultB_PFCd_8,RH_DefaultB_PFCd_8,962,MNI,R,cortex,DefaultB,12,20,64
963,RH_DefaultB_PFCv_1,RH_DefaultB_PFCv_1,963,MNI,R,cortex,DefaultB,36,26,-20
964,RH_DefaultB_PFCv_2,RH_DefaultB_PFCv_2,964,MNI,R,cortex,DefaultB,42,26,-14
965,RH_DefaultB_PFCv_3,RH_DefaultB_PFCv_3,965,MNI,R,cortex,DefaultB,48,34,-14
966,RH_DefaultB_PFCv_4,RH_DefaultB_PFCv_4,966,MNI,R,cortex,DefaultB,50,34,-6
967,RH_DefaultB_PFCv_5,RH_DefaultB_PFCv_5,967,MNI,R,cortex,DefaultB,52,30,2
968,RH_DefaultB_PFCv_6,RH_DefaultB_PFCv_6,968,MNI,R,cortex,DefaultB,56,22,10
969,RH_DefaultC_IPL_1,RH_DefaultC_IPL_1,969,MNI,R,cortex,DefaultC,50,-64,26
970,RH_DefaultC_IPL_2,RH_DefaultC_IPL_2,970,MNI,R,cortex,DefaultC,46,-76,28
971,RH_DefaultC_Rsp_1,RH_DefaultC_Rsp_1,971,MNI,R,cortex,DefaultC,12,-44,2
972,RH_DefaultC_Rsp_2,RH_DefaultC_Rsp_2,972,MNI,R,cortex,DefaultC,10,-48,8
973,RH_DefaultC_Rsp_3,RH_DefaultC_Rsp_3,973,MNI,R,cortex,DefaultC,10,-54,14
974,RH_DefaultC_Rsp_4,RH_DefaultC_Rsp_4,974,MNI,R,cortex,DefaultC,16,-58,22
975,RH_DefaultC_PHC_1,RH_DefaultC_PHC_1,975,MNI,R,cortex,DefaultC,34,-22,-26
976,RH_DefaultC_PHC_2,RH_DefaultC_PHC_2,976,MNI,R,cortex,DefaultC,22,-22,-24
977,RH_DefaultC_PHC_3,RH_DefaultC_PHC_3,977,MNI,R,cortex,DefaultC,30,-32,-16
978,RH_DefaultC_PHC_4,RH_DefaultC_PHC_4,978,MNI,R,cortex,DefaultC,20,-32,-16
979,RH_TempPar_1,RH_TempPar_1,979,MNI,R,cortex,TempPar,48,18,-22
980,RH_TempPar_2,RH_TempPar_2,980,MNI,R,cortex,TempPar,54,4,-14
981,RH_TempPar_3,RH_TempPar_3,981,MNI,R,cortex,TempPar,50,-8,-12
982,RH_TempPar_4,RH_TempPar_4,982,MNI,R,cortex,TempPar,50,-18,-10
983,RH_TempPar_5,RH_TempPar_5,983,MNI,R,cortex,TempPar,60,-2,-6
984,RH_TempPar_6,RH_TempPar_6,984,MNI,R,cortex,TempPar,56,-12,-4
985,RH_TempPar_7,RH_TempPar_7,985,MNI,R,cortex,TempPar,48,-22,-4
986,RH_TempPar_8,RH_TempPar_8,986,MNI,R,cortex,TempPar,62,-14,-2
987,RH_TempPar_9,RH_TempPar_9,987,MNI,R,cortex,TempPar,48,-30,0
988,RH_TempPar_10,RH_TempPar_10,988,MNI,R,cortex,TempPar,56,-38,0
989,RH_TempPar_11,RH_TempPar_11,989,MNI,R,cortex,TempPar,64,-46,4
990,RH_TempPar_12,RH_TempPar_12,990,MNI,R,cortex,TempPar,62,-24,2
991,RH_TempPar_13,RH_TempPar_13,991,MNI,R,cortex,TempPar,48,-36,4
992,RH_TempPar_14,RH_TempPar_14,992,MNI,R,cortex,TempPar,56,-32,4
993,RH_TempPar_15,RH_TempPar_15,993,MNI,R,cortex,TempPar,56,-42,8
994,RH_TempPar_16,RH_TempPar_16,994,MNI,R,cortex,TempPar,58,-54,8
995,RH_TempPar_17,RH_TempPar_17,995,MNI,R,cortex,TempPar,58,-48,10
996,RH_TempPar_18,RH_TempPar_18,996,MNI,R,cortex,TempPar,52,-40,12
997,RH_TempPar_19,RH_TempPar_19,997,MNI,R,cortex,TempPar,64,-36,12
998,RH_TempPar_20,RH_TempPar_20,998,MNI,R,cortex,TempPar,50,-54,14
999,RH_TempPar_21,RH_TempPar_21,999,MNI,R,cortex,TempPar,52,-44,18
1000,RH_TempPar_22,RH_TempPar_22,1000,MNI,R,cortex,TempPar,56,-40,20
